ID,Pos,Games ,MIN,FG,FGA,FG%,3P,3PA,3P%,2P,2PA,2P%,FT,FTA,FT%,OREB,DREB,TotalREB,AST,STL,BLK,TOV,PF,PPG,ASTPG,REBPG,STLPG,BLKPG,PFPG,MINPG,eFG,PER,TS%,USG%,OBPM,DBPM,VORP,Salary
10061,SF,67,1589,229,532,0.43,20,66,0.303,209,466,0.448,97,138,0.703,149,219,368,97,69,54,67,168,713,1.447761194,5.492537313,1.029850746,0.805970149,2.507462687,23.71641791,0.44924812,15.7,0.485,18.2,0.2,-0.2,0.8,1322716
10063,PG,6,72,7,24,0.292,4,18,0.222,3,6,0.5,4,5,0.8,1,3,4,5,1,0,5,2,64,0.833333333,0.666666667,0.166666667,0,0.333333333,12,0.375,5.3,0.42,20,-3.2,-0.4,0,129321
10100,C,65,1494,141,295,0.478,0,0,NA,141,295,0.478,81,119,0.681,145,292,437,25,17,123,54,141,363,0.384615385,6.723076923,0.261538462,1.892307692,2.169230769,22.98461538,0.477966102,14.3,0.523,12.5,-0.9,1,0.8,30296065
10115,PF,9,41,6,11,0.545,0,0,NA,6,11,0.545,3,6,0.5,3,8,11,3,0,1,3,9,15,0.333333333,1.222222222,0,0.111111111,1,4.555555556,0.545454545,12.4,0.55,19.4,-2.6,1.9,0,1002353
10150,SF,72,2340,410,903,0.454,93,233,0.399,317,670,0.473,249,290,0.859,149,352,501,120,68,33,169,215,1582,1.666666667,6.958333333,0.944444444,0.458333333,2.986111111,32.5,0.505537099,17.8,0.564,23.6,1.8,-0.6,1.9,22711842
10180,SG,80,2811,509,1318,0.386,165,521,0.317,344,797,0.432,200,240,0.833,46,237,283,405,111,29,193,161,2451,5.0625,3.5375,1.3875,0.3625,2.0125,35.1375,0.448786039,15.9,0.486,25.7,1.9,-0.5,2.4,4408945
10219,PF,76,1634,220,466,0.472,55,124,0.444,165,342,0.482,238,271,0.878,100,217,317,103,66,20,84,206,940,1.355263158,4.171052632,0.868421053,0.263157895,2.710526316,21.5,0.53111588,19.4,0.626,18.9,2.2,1,2.2,1135064
10221,C,21,224,43,88,0.489,0,4,0,43,84,0.512,10,13,0.769,9,35,44,9,3,3,15,28,108,0.428571429,2.095238095,0.142857143,0.142857143,1.333333333,10.66666667,0.488636364,12.2,0.512,21.9,-2.8,-2,-0.2,1417806
10250,SF,4,28,3,9,0.333,0,1,0,3,8,0.375,2,4,0.5,1,4,5,2,2,1,3,3,11,0.5,1.25,0.5,0.25,0.75,7,0.333333333,6.7,0.372,22.1,-6.7,1.7,0,1282695
10272,PF,68,1442,237,537,0.441,0,3,0,237,534,0.444,89,116,0.767,148,195,343,57,38,18,59,191,572,0.838235294,5.044117647,0.558823529,0.264705882,2.808823529,21.20588235,0.441340782,13.6,0.479,20.1,-1.8,-1.4,-0.4,2633802
10288,C,10,35,8,15,0.533,0,0,NA,8,15,0.533,6,9,0.667,5,9,14,3,0,2,5,6,22,0.3,1.4,0,0.2,0.6,3.5,0.533333333,22.8,0.58,31.1,0.2,0.5,0,1392699
10291,PG,59,1211,104,298,0.349,4,26,0.154,100,272,0.368,45,68,0.662,15,87,102,184,41,11,87,90,323,3.118644068,1.728813559,0.694915254,0.186440678,1.525423729,20.52542373,0.355704698,7.4,0.392,16.6,-4.9,0.1,-0.9,1177821
10296,SG,82,1769,203,576,0.352,52,179,0.291,151,397,0.38,122,153,0.797,30,122,152,187,103,4,79,115,961,2.280487805,1.853658537,1.256097561,0.048780488,1.402439024,21.57317073,0.397569444,11.5,0.451,18.3,-2,1.1,0.5,5130783
10299,PF,48,984,119,256,0.465,6,21,0.286,113,235,0.481,40,50,0.8,50,182,232,89,37,28,42,102,329,1.854166667,4.833333333,0.770833333,0.583333333,2.125,20.5,0.4765625,14.5,0.511,14.4,-0.7,1.2,0.6,9620219
10314,C,56,730,57,147,0.388,0,0,NA,57,147,0.388,12,20,0.6,72,127,199,34,26,51,29,116,126,0.607142857,3.553571429,0.464285714,0.910714286,2.071428571,13.03571429,0.387755102,10.4,0.404,11.3,-3.8,1.7,0,3623770
10327,PG,46,637,80,199,0.402,0,3,0,80,196,0.408,52,78,0.667,3,30,33,111,26,3,51,34,221,2.413043478,0.717391304,0.565217391,0.065217391,0.739130435,13.84782609,0.40201005,11.7,0.454,20.6,-2.1,-0.7,-0.1,9313398
10352,SF,19,730,156,398,0.392,19,67,0.284,137,331,0.414,65,80,0.813,19,98,117,47,14,5,37,42,540,2.473684211,6.157894737,0.736842105,0.263157895,2.210526316,38.42105263,0.415829146,14.7,0.457,29.4,0.2,-1.7,0.1,14579977
10406,PG,69,1504,187,463,0.404,38,101,0.376,149,362,0.412,66,78,0.846,39,101,140,135,41,2,53,74,667,1.956521739,2.028985507,0.594202899,0.028985507,1.072463768,21.79710145,0.444924406,11.1,0.481,17.2,-1.7,-0.5,-0.1,4275653
10420,SF,7,35,3,12,0.25,2,5,0.4,1,7,0.143,0,1,0,3,2,5,1,1,0,2,3,17,0.142857143,0.714285714,0.142857143,0,0.428571429,5,0.333333333,2.4,0.322,19.5,-5.1,-3.6,-0.1,245485
10432,C,82,2777,383,809,0.473,0,1,0,383,808,0.474,353,470,0.751,268,579,847,86,43,101,201,278,1122,1.048780488,10.32926829,0.524390244,1.231707317,3.390243902,33.86585366,0.47342398,16.5,0.551,20,-0.9,-0.7,0.3,2953229
10491,C,65,1340,227,436,0.521,0,1,0,227,435,0.522,105,150,0.7,125,180,305,51,29,20,80,183,562,0.784615385,4.692307692,0.446153846,0.307692308,2.815384615,20.61538462,0.520642202,15.3,0.557,19.3,-0.4,-1.8,-0.1,3534699
10523,SG,65,2338,425,1068,0.398,120,341,0.352,305,727,0.42,151,204,0.74,146,268,414,139,67,19,141,130,1784,2.138461538,6.369230769,1.030769231,0.292307692,2,35.96923077,0.45411985,15.1,0.484,24.6,1.7,-2.5,0.7,3088278
10538,C,40,533,67,133,0.504,0,0,NA,67,133,0.504,36,61,0.59,37,91,128,18,9,22,23,79,170,0.45,3.2,0.225,0.55,1.975,13.325,0.503759398,12.5,0.532,15.5,-2.4,0.2,0,2703413
10561,PG,82,2825,482,1024,0.471,55,165,0.333,427,859,0.497,180,252,0.714,72,270,342,449,96,19,151,169,1529,5.475609756,4.170731707,1.170731707,0.231707317,2.06097561,34.45121951,0.497558594,17.3,0.528,20.4,1.8,0.2,2.9,8409354
10577,SG,49,473,53,129,0.411,9,32,0.281,44,97,0.454,38,60,0.633,14,41,55,68,13,3,36,70,222,1.387755102,1.12244898,0.265306122,0.06122449,1.428571429,9.653061224,0.445736434,,,,,,,1676534
10592,PG,61,2126,371,798,0.465,16,53,0.302,355,745,0.477,233,312,0.747,85,162,247,275,86,34,196,140,1102,4.508196721,4.049180328,1.409836066,0.557377049,2.295081967,34.85245902,0.474937343,17.6,0.53,25,1.4,0.1,1.9,4508932
10645,PF,45,616,83,198,0.419,0,0,NA,83,198,0.419,25,33,0.758,42,77,119,16,12,28,27,81,191,0.355555556,2.644444444,0.266666667,0.622222222,1.8,13.68888889,0.419191919,10.5,0.449,18.3,-3.7,-0.1,-0.3,2582494
10672,PG,82,2838,430,941,0.457,12,65,0.185,418,876,0.477,342,411,0.832,127,239,366,501,142,25,215,194,1373,6.109756098,4.463414634,1.731707317,0.304878049,2.365853659,34.6097561,0.463336876,18.8,0.541,20.7,2.2,0.4,3.3,13682090
10694,C,20,545,79,165,0.479,1,4,0.25,78,161,0.484,67,85,0.788,36,75,111,17,11,11,31,71,235,0.85,5.55,0.55,0.55,3.55,27.25,0.481818182,14.6,0.558,19.5,-1.7,-1.9,-0.2,2565391
10713,PG,79,2247,291,736,0.395,135,429,0.315,156,307,0.508,123,144,0.854,63,163,226,311,133,16,155,148,1722,3.936708861,2.860759494,1.683544304,0.202531646,1.873417722,28.44303797,0.487092391,15.6,0.525,19.4,1.3,1.1,2.5,4232896
10740,SG,82,2451,368,770,0.478,112,290,0.386,256,480,0.533,278,335,0.83,92,311,403,122,137,40,112,248,1660,1.487804878,4.914634146,1.670731707,0.487804878,3.024390244,29.8902439,0.550649351,18.8,0.614,18.9,2.3,1.4,3.5,8409354
10767,C,59,664,68,175,0.389,0,0,NA,68,175,0.389,58,90,0.644,69,105,174,13,21,12,34,87,194,0.220338983,2.949152542,0.355932203,0.203389831,1.474576271,11.25423729,0.388571429,10.8,0.452,16.9,-3.3,-2.5,-0.6,627547
10804,SF,36,261,15,48,0.313,1,8,0.125,14,40,0.35,13,18,0.722,18,35,53,14,9,3,12,37,65,0.388888889,1.472222222,0.25,0.083333333,1.027777778,7.25,0.322916667,6.5,0.393,12.2,-4.9,2.2,0,1092307
10805,PG,67,1457,166,451,0.368,52,163,0.319,114,288,0.396,76,89,0.854,20,109,129,273,56,5,98,137,793,4.074626866,1.925373134,0.835820896,0.074626866,2.044776119,21.74626866,0.425720621,12.4,0.469,18.5,-0.9,-0.7,0.2,9994339
10814,PF,79,2441,421,909,0.463,21,77,0.273,400,832,0.481,185,252,0.734,163,345,508,131,80,22,163,250,1216,1.658227848,6.430379747,1.012658228,0.278481013,3.164556962,30.89873418,0.47469747,14.9,0.514,22.9,-0.9,0.2,0.8,9735662
10830,PF,28,610,107,243,0.44,5,17,0.294,102,226,0.451,60,80,0.75,48,125,173,20,12,17,34,58,315,0.714285714,6.178571429,0.428571429,0.607142857,2.071428571,21.78571429,0.450617284,16.8,0.501,23.6,-0.6,-1,0.1,2577295
10877,SF,26,774,128,321,0.399,23,65,0.354,105,256,0.41,83,103,0.806,16,78,94,103,24,3,88,49,488,3.961538462,3.615384615,0.923076923,0.115384615,1.884615385,29.76923077,0.434579439,13.2,0.494,26,-1.2,-2.5,-0.3,11811492
10901,PF,62,766,103,209,0.493,1,3,0.333,102,206,0.495,44,76,0.579,64,123,187,20,17,29,38,123,257,0.322580645,3.016129032,0.274193548,0.467741935,1.983870968,12.35483871,0.495215311,,,,,,,1088887
10927,SG,2,18,1,6,0.167,1,3,0.333,0,3,0,0,0,NA,0,1,1,1,1,0,3,1,9,0.5,0.5,0.5,0,0.5,9,0.25,-7.2,0.25,23.5,-11.8,-3.2,-0.1,1282695
10930,SG,50,1185,263,592,0.444,81,219,0.37,182,373,0.488,82,109,0.752,55,119,174,105,49,8,63,106,1103,2.1,3.48,0.98,0.16,2.12,23.7,0.512668919,19.2,0.538,26.8,3.1,-1,1.2,5002514
10932,C,80,2570,266,660,0.403,0,0,NA,266,660,0.403,176,230,0.765,207,464,671,137,37,65,114,206,708,1.7125,8.3875,0.4625,0.8125,2.575,32.125,0.403030303,11.8,0.465,15.5,-2.1,-0.3,-0.3,22105127
10960,SF,72,985,215,468,0.459,33,87,0.379,182,381,0.478,78,104,0.75,44,121,165,60,32,20,78,105,703,0.833333333,2.291666667,0.444444444,0.277777778,1.458333333,13.68055556,0.49465812,16.4,0.527,26.4,0.6,-0.9,0.4,3330904
10995,SG,16,70,7,16,0.438,1,3,0.333,6,13,0.462,4,6,0.667,1,5,6,2,1,0,6,8,25,0.125,0.375,0.0625,0,0.5,4.375,0.46875,3.8,0.51,16.5,-6.6,-1.5,-0.1,596935
11026,PG,76,2706,318,823,0.386,144,369,0.39,174,454,0.383,135,168,0.804,42,217,259,517,101,21,204,276,1590,6.802631579,3.407894737,1.328947368,0.276315789,3.631578947,35.60526316,0.473876063,13.1,0.51,18.2,-0.5,-0.4,0.8,3738494
11038,PG,22,170,12,34,0.353,0,0,NA,12,34,0.353,4,6,0.667,2,8,10,15,3,0,9,27,28,0.681818182,0.454545455,0.136363636,0,1.227272727,7.727272727,0.352941176,1.8,0.382,12.6,-7.8,-0.7,-0.3,3625753
11123,SG,69,1643,230,589,0.39,40,119,0.336,190,470,0.404,120,156,0.769,58,208,266,130,50,19,102,123,857,1.884057971,3.855072464,0.724637681,0.275362319,1.782608696,23.8115942,0.424448217,12.2,0.471,21.2,-1.1,-0.9,0,1710261
11138,PF,75,1795,205,447,0.459,0,3,0,205,444,0.462,140,183,0.765,189,284,473,51,33,24,74,197,559,0.68,6.306666667,0.44,0.32,2.626666667,23.93333333,0.458612975,13.7,0.521,15.8,-1.1,-0.9,0,627547
11171,C,46,473,51,95,0.537,0,0,NA,51,95,0.537,67,96,0.698,49,97,146,13,8,8,27,74,169,0.282608696,3.173913043,0.173913043,0.173913043,1.608695652,10.2826087,0.536842105,15.9,0.616,16.3,-1,-0.5,0.1,830535
11210,PF,60,783,89,201,0.443,0,3,0,89,198,0.449,61,83,0.735,48,116,164,21,24,27,45,129,248,0.35,2.733333333,0.4,0.45,2.15,13.05,0.44278607,10.4,0.503,16.3,-3.7,-0.3,-0.4,1135064
11231,SG,61,2001,311,800,0.389,92,285,0.323,219,515,0.425,137,182,0.753,28,106,134,175,71,14,100,147,1430,2.868852459,2.196721311,1.163934426,0.229508197,2.409836066,32.80327869,0.44625,12.6,0.483,22.4,-0.8,-0.7,0.2,6772634
11268,PG,72,2115,290,713,0.407,120,364,0.33,170,349,0.487,82,98,0.837,25,122,147,492,92,5,136,97,1514,6.833333333,2.041666667,1.277777778,0.069444444,1.347222222,29.375,0.49088359,16.9,0.517,19,3.3,-0.8,2.3,10582241
11308,C,81,2317,314,668,0.47,2,13,0.154,312,655,0.476,170,260,0.654,136,327,463,432,57,77,173,222,833,5.333333333,5.716049383,0.703703704,0.950617284,2.740740741,28.60493827,0.471556886,16.3,0.511,18.6,1.1,0.9,2.4,20611231
11316,C,34,843,107,259,0.413,8,36,0.222,99,223,0.444,49,65,0.754,45,147,192,46,23,26,57,79,355,1.352941176,5.647058824,0.676470588,0.764705882,2.323529412,24.79411765,0.428571429,11.6,0.471,19.2,-2.5,0.4,0,6841045
11336,PF,3,12,3,3,1,0,0,NA,3,3,1,1,2,0.5,2,0,2,0,0,0,1,3,7,0,0.666666667,0,0,1,4,1,23.1,0.902,19.3,2,-2.5,0,451527
11350,SF,6,37,5,14,0.357,1,2,0.5,4,12,0.333,2,2,1,0,4,4,0,0,0,2,7,16,0,0.666666667,0,0,1.166666667,6.166666667,0.392857143,1.8,0.437,20.9,-8.7,-1.2,-0.1,1032631
11351,PG,81,3254,598,1386,0.431,87,274,0.318,511,1112,0.46,356,436,0.817,58,205,263,719,129,9,249,172,2200,8.87654321,3.24691358,1.592592593,0.111111111,2.12345679,40.17283951,0.462842713,20.4,0.519,25.8,4.1,-0.9,4.3,23088527
11367,C,16,114,17,46,0.37,4,14,0.286,13,32,0.406,9,10,0.9,4,14,18,2,3,5,6,13,77,0.125,1.125,0.1875,0.3125,0.8125,7.125,0.413043478,11.5,0.466,23.2,-3.3,-0.8,-0.1,4482497
11390,SF,51,1024,157,326,0.482,1,5,0.2,156,321,0.486,28,43,0.651,27,77,104,58,33,10,45,57,355,1.137254902,2.039215686,0.647058824,0.196078431,1.117647059,20.07843137,0.483128834,11,0.497,17,-2.2,-0.3,-0.1,10610461
11413,SF,37,368,61,145,0.421,5,13,0.385,56,132,0.424,31,40,0.775,12,47,59,14,5,8,24,38,182,0.378378378,1.594594595,0.135135135,0.216216216,1.027027027,9.945945946,0.437931034,11.6,0.486,23.9,-1.8,-0.8,-0.1,1391603
11445,C,1,4,1,2,0.5,0,0,NA,1,2,0.5,0,0,NA,1,1,2,0,0,0,0,1,2,0,2,0,0,1,4,0.5,21.7,0.5,23.1,5.7,-5.7,0,1282695
11452,PG,3,17,2,4,0.5,0,0,NA,2,4,0.5,2,4,0.5,0,1,1,2,0,0,7,1,6,0.666666667,0.333333333,0,0,0.333333333,5.666666667,0.5,-9.2,0.521,34.3,-13,-8.6,-0.1,1282695
11461,C,10,130,11,23,0.478,0,0,NA,11,23,0.478,7,12,0.583,23,29,52,7,2,4,6,16,29,0.7,5.2,0.2,0.4,1.6,13,0.47826087,15,0.513,11.8,-1.1,-0.9,0,964038
11462,C,80,1611,246,472,0.521,0,0,NA,246,472,0.521,100,169,0.592,178,296,474,36,55,52,96,195,592,0.45,5.925,0.6875,0.65,2.4375,20.1375,0.521186441,16.1,0.542,18.3,-0.5,-0.9,0.3,8551306
11487,PG,78,2758,392,996,0.394,130,335,0.388,262,661,0.396,404,460,0.878,35,241,276,446,84,8,189,177,1933,5.717948718,3.538461538,1.076923077,0.102564103,2.269230769,35.35897436,0.458835341,18.6,0.55,23.5,3.1,0.5,3.9,8552332
11522,PF,77,1528,268,571,0.469,1,4,0.25,267,567,0.471,190,262,0.725,141,237,378,38,56,118,88,188,736,0.493506494,4.909090909,0.727272727,1.532467532,2.441558442,19.84415584,0.470227671,19.2,0.53,22.8,-0.2,0.7,1,7854234
11539,SF,73,1787,183,454,0.403,67,187,0.358,116,267,0.434,65,103,0.631,106,211,317,98,46,10,75,128,858,1.342465753,4.342465753,0.630136986,0.136986301,1.753424658,24.47945205,0.476872247,11,0.499,14.5,-0.5,-2,-0.2,627547
11561,PG,73,1598,167,411,0.406,41,122,0.336,126,289,0.436,75,94,0.798,28,102,130,202,64,8,75,138,693,2.767123288,1.780821918,0.876712329,0.109589041,1.890410959,21.89041096,0.45620438,11.6,0.497,15.6,-1.6,1.2,0.6,1391603
11572,PF,35,782,67,158,0.424,0,1,0,67,157,0.427,79,118,0.669,82,188,270,23,17,43,38,87,216,0.657142857,7.714285714,0.485714286,1.228571429,2.485714286,22.34285714,0.424050633,14.2,0.507,14.2,-2.1,0.3,0,6506449
11597,PG,13,160,13,35,0.371,5,14,0.357,8,21,0.381,1,6,0.167,2,9,11,17,7,0,10,9,59,1.307692308,0.846153846,0.538461538,0,0.692307692,12.30769231,0.442857143,6.6,0.425,14.1,-3.3,1.8,0,1092307
11605,SF,80,2444,376,871,0.432,19,71,0.268,357,800,0.446,138,204,0.676,79,219,298,158,52,17,120,140,1065,1.975,3.725,0.65,0.2125,1.75,30.55,0.442594719,11.6,0.473,20.4,-1.3,-1.7,-0.6,2763931
11620,PF,77,1900,203,523,0.388,137,366,0.374,66,157,0.42,62,82,0.756,28,211,239,124,72,22,91,179,1292,1.61038961,3.103896104,0.935064935,0.285714286,2.324675325,24.67532468,0.519120459,10.9,0.541,15.6,-0.4,0,0.7,2052313
11640,PG,53,660,71,159,0.447,2,9,0.222,69,150,0.46,33,43,0.767,10,69,79,81,28,5,29,59,198,1.528301887,1.490566038,0.528301887,0.094339623,1.113207547,12.45283019,0.452830189,12.3,0.497,14.5,-2.8,3,0.4,1092307
11648,SG,1,11,2,3,0.667,0,0,NA,2,3,0.667,2,2,1,0,0,0,0,0,0,0,2,6,0,0,0,0,2,11,0.666666667,17.8,0.773,16,-1.7,-4.7,0,1282695
11708,PG,11,85,7,22,0.318,2,8,0.25,5,14,0.357,1,1,1,1,6,7,11,5,0,3,5,35,1,0.636363636,0.454545455,0,0.454545455,7.727272727,0.363636364,8.8,0.379,14.1,-3.6,2.1,0,1282695
11724,PG,82,3118,408,1018,0.401,156,427,0.365,252,591,0.426,127,145,0.876,52,256,308,500,99,9,180,173,1912,6.097560976,3.756097561,1.207317073,0.109756098,2.109756098,38.02439024,0.47740668,14.8,0.508,19.2,1.1,-0.9,1.7,21164483
11735,PG,58,1760,185,477,0.388,51,150,0.34,134,327,0.41,74,101,0.733,44,131,175,281,93,20,115,132,792,4.844827586,3.017241379,1.603448276,0.344827586,2.275862069,30.34482759,0.44129979,12.6,0.475,16,-0.6,0,0.6,3292252
11781,C,78,2153,208,437,0.476,0,1,0,208,436,0.477,113,195,0.579,221,357,578,123,30,139,99,228,532,1.576923077,7.41025641,0.384615385,1.782051282,2.923076923,27.6025641,0.47597254,14.3,0.506,13.4,-0.5,0.9,1.4,14822263
11801,C,73,1478,170,384,0.443,2,9,0.222,168,375,0.448,66,89,0.742,118,241,359,58,26,67,63,159,429,0.794520548,4.917808219,0.356164384,0.917808219,2.178082192,20.24657534,0.4453125,11.9,0.482,14.8,-2.2,-0.1,-0.1,7525149
11807,PF,42,1373,193,400,0.483,0,1,0,193,399,0.484,168,225,0.747,61,306,367,163,50,20,103,116,557,3.880952381,8.738095238,1.19047619,0.476190476,2.761904762,32.69047619,0.4825,17.8,0.555,19.7,1.1,1.7,1.7,2565391
11811,SF,58,720,72,162,0.444,2,4,0.5,70,158,0.443,30,46,0.652,67,89,156,25,35,19,29,90,182,0.431034483,2.689655172,0.603448276,0.327586207,1.551724138,12.4137931,0.450617284,,,,,,,5863753
11821,SF,65,1770,270,616,0.438,80,215,0.372,190,401,0.474,102,141,0.723,42,174,216,232,59,14,107,162,1127,3.569230769,3.323076923,0.907692308,0.215384615,2.492307692,27.23076923,0.503246753,14.9,0.532,20,0.8,-0.2,1.1,5781464
11827,PF,77,1051,119,307,0.388,56,144,0.389,63,163,0.387,93,104,0.894,60,183,243,52,24,14,55,101,651,0.675324675,3.155844156,0.311688312,0.181818182,1.311688312,13.64935065,0.478827362,14.4,0.549,18.3,0.7,0.4,0.8,13015088
11834,PF,49,570,81,197,0.411,6,32,0.188,75,165,0.455,35,53,0.66,26,73,99,40,10,13,54,75,281,0.816326531,2.020408163,0.204081633,0.265306122,1.530612245,11.63265306,0.426395939,,,,,,,2088639
11858,C,74,2403,348,650,0.535,0,2,0,348,648,0.537,217,332,0.654,344,543,887,60,33,137,131,227,919,0.810810811,11.98648649,0.445945946,1.851351351,3.067567568,32.47297297,0.535384615,20.1,0.573,17.8,1.3,-0.3,1.8,13411869
11885,PG,42,577,34,100,0.34,7,41,0.171,27,59,0.458,28,39,0.718,10,60,70,119,17,1,53,41,205,2.833333333,1.666666667,0.404761905,0.023809524,0.976190476,13.73809524,0.375,8.9,0.44,14.1,-3.2,-0.3,-0.2,2565391
11917,C,9,26,1,5,0.2,0,0,NA,1,5,0.2,2,2,1,0,1,1,1,0,1,0,2,4,0.111111111,0.111111111,0,0.111111111,0.222222222,2.888888889,0.2,3.4,0.34,10.7,-4.4,-1.4,0,1135064
11941,PG,70,1500,210,470,0.447,83,210,0.395,127,260,0.488,47,61,0.77,23,100,123,165,93,7,120,184,931,2.357142857,1.757142857,1.328571429,0.1,2.628571429,21.42857143,0.535106383,12.7,0.553,18.6,-1.3,0.5,0.5,1384080
11947,SG,57,1101,120,297,0.404,51,138,0.37,69,159,0.434,60,71,0.845,25,98,123,147,57,8,53,66,612,2.578947368,2.157894737,1,0.140350877,1.157894737,19.31578947,0.48989899,14.6,0.535,15.2,0.8,1.2,1.1,5130783
11975,SF,6,26,2,9,0.222,1,4,0.25,1,5,0.2,2,2,1,0,2,2,0,1,0,0,1,16,0,0.333333333,0.166666667,0,0.166666667,4.333333333,0.277777778,4.9,0.354,17.9,-3.4,-0.5,0,627547
11982,C,2,12,0,0,NA,0,0,NA,0,0,NA,0,0,NA,1,1,2,1,1,0,4,2,0,0.5,1,0.5,0,1,6,#DIV/0!,-9.2,,14.8,-17.7,1.7,0,1829979
12028,SF,41,734,72,203,0.355,7,33,0.212,65,170,0.382,22,37,0.595,59,124,183,27,37,32,37,90,251,0.658536585,4.463414634,0.902439024,0.780487805,2.195121951,17.90243902,0.371921182,9.6,0.394,15.6,-4.4,1.1,-0.2,627547
12073,C,20,290,17,59,0.288,1,12,0.083,16,47,0.34,7,16,0.438,15,30,45,12,7,1,14,28,75,0.6,2.25,0.35,0.05,1.4,14.5,0.296610169,2.6,0.318,12.5,-6.1,-1.7,-0.4,76530
12090,SG,82,2020,329,805,0.409,62,166,0.373,267,639,0.418,195,248,0.786,60,181,241,107,63,13,111,262,1227,1.304878049,2.93902439,0.768292683,0.158536585,3.195121951,24.63414634,0.447204969,12.7,0.5,23.6,-1.2,-0.8,0,1177821
12119,PG,71,1252,160,390,0.41,84,206,0.408,76,184,0.413,20,27,0.741,12,132,144,215,64,11,96,107,790,3.028169014,2.028169014,0.901408451,0.154929577,1.507042254,17.63380282,0.517948718,14.5,0.528,18.4,0.8,1.5,1.4,10312875
12123,SG,77,1603,161,416,0.387,50,147,0.34,111,269,0.413,71,92,0.772,38,158,196,134,62,16,77,122,734,1.74025974,2.545454545,0.805194805,0.207792208,1.584415584,20.81818182,0.447115385,10.6,0.485,15.6,-1.7,0.9,0.5,1479923
12141,C,66,965,55,103,0.534,0,1,0,55,102,0.539,17,28,0.607,61,171,232,24,27,43,30,156,130,0.363636364,3.515151515,0.409090909,0.651515152,2.363636364,14.62121212,0.533980583,8.5,0.551,7.1,-3.7,2.4,0.2,7556201
12148,PF,82,2846,366,945,0.387,112,314,0.357,254,631,0.403,123,173,0.711,54,268,322,271,68,73,173,237,1573,3.304878049,3.926829268,0.829268293,0.890243902,2.890243902,34.70731707,0.446560847,10.8,0.473,19.3,-1.1,0,0.6,8038228
12152,PF,52,868,104,211,0.493,0,1,0,104,210,0.495,53,72,0.736,74,130,204,30,30,15,35,75,264,0.576923077,3.923076923,0.576923077,0.288461538,1.442307692,16.69230769,0.492890995,14.6,0.538,15.2,-0.4,0.7,0.5,9313398
12161,SF,82,2148,238,587,0.405,126,340,0.371,112,247,0.453,76,94,0.809,35,226,261,113,88,14,69,206,1320,1.37804878,3.182926829,1.073170732,0.170731707,2.512195122,26.19512195,0.512776831,12.1,0.539,15.7,-1.3,1.4,1.1,2815225
12203,SF,79,2079,365,753,0.485,7,40,0.175,358,713,0.502,124,193,0.642,112,247,359,162,67,61,130,168,960,2.050632911,4.544303797,0.848101266,0.772151899,2.126582278,26.3164557,0.48937583,16.1,0.514,21.5,0.4,0,1.3,7064578
12204,PG,61,1197,150,353,0.425,10,36,0.278,140,317,0.442,72,98,0.735,34,121,155,244,35,11,85,76,460,4,2.540983607,0.573770492,0.180327869,1.245901639,19.62295082,0.439093484,14.9,0.482,18.5,-0.2,-1.7,0,1517543
12215,SF,74,882,115,327,0.352,81,207,0.391,34,120,0.283,19,24,0.792,30,81,111,40,25,8,41,102,708,0.540540541,1.5,0.337837838,0.108108108,1.378378378,11.91891892,0.475535168,10.1,0.489,20.2,-0.2,-0.5,0.3,627547
12237,PF,75,2592,471,900,0.523,1,6,0.167,470,894,0.526,219,285,0.768,230,627,857,148,74,55,134,199,1177,1.973333333,11.42666667,0.986666667,0.733333333,2.653333333,34.56,0.523888889,20.8,0.567,20,2.4,-0.2,2.7,964038
12254,SF,47,893,111,282,0.394,4,9,0.444,107,273,0.392,66,105,0.629,55,112,167,55,32,18,51,134,307,1.170212766,3.553191489,0.680851064,0.382978723,2.85106383,19,0.40070922,9.7,0.445,19,-4.1,-0.1,-0.5,1032631
12259,PG,75,1392,157,407,0.386,75,202,0.371,82,205,0.4,55,67,0.821,18,99,117,209,57,7,128,100,825,2.786666667,1.56,0.76,0.093333333,1.333333333,18.56,0.477886978,10.9,0.509,17.9,-1.5,-1.2,-0.2,627547
12286,SG,50,1799,340,781,0.435,87,202,0.431,253,579,0.437,157,172,0.913,20,101,121,99,38,2,102,105,1269,1.98,2.42,0.76,0.04,2.1,35.98,0.491037132,14.8,0.539,24.7,1.1,-1.6,0.7,27257289
12298,SF,69,1416,143,347,0.412,1,7,0.143,142,340,0.418,110,139,0.791,52,122,174,85,55,15,76,114,415,1.231884058,2.52173913,0.797101449,0.217391304,1.652173913,20.52173913,0.413544669,10,0.486,15.6,-3.1,0.3,-0.3,4104627
12339,SF,78,1828,150,360,0.417,75,180,0.417,75,180,0.417,91,111,0.82,42,159,201,98,48,9,68,144,781,1.256410256,2.576923077,0.615384615,0.115384615,1.846153846,23.43589744,0.520833333,9.6,0.57,11.8,-1.2,-0.6,0.1,1730100
12359,PG,4,92,7,23,0.304,0,1,0,7,22,0.318,1,2,0.5,1,6,7,19,4,2,5,13,18,4.75,1.75,1,0.5,3.25,23,0.304347826,6.8,0.314,14.1,-4.8,-0.3,-0.1,1282695
12367,SF,38,846,73,186,0.392,15,61,0.246,58,125,0.464,22,30,0.733,29,73,102,98,29,4,48,99,321,2.578947368,2.684210526,0.763157895,0.105263158,2.605263158,22.26315789,0.432795699,8,0.459,13.1,-3.4,0.5,-0.2,8097740
12373,PF,55,2025,411,865,0.475,1,5,0.2,410,860,0.477,310,435,0.713,157,339,496,78,64,89,177,188,1145,1.418181818,9.018181818,1.163636364,1.618181818,3.418181818,36.81818182,0.475722543,19.8,0.536,27.5,0.8,-0.7,1.1,3249017
12477,SG,11,96,10,38,0.263,2,4,0.5,8,34,0.235,3,6,0.5,6,9,15,4,3,0,6,7,31,0.363636364,1.363636364,0.272727273,0,0.636363636,8.727272727,0.289473684,2.3,0.308,21.3,-6.3,-3.6,-0.2,1092307
12479,C,32,395,50,99,0.505,0,0,NA,50,99,0.505,30,35,0.857,29,55,84,19,7,13,22,65,130,0.59375,2.625,0.21875,0.40625,2.03125,12.34375,0.505050505,13.3,0.568,16.1,-1.6,0.6,0.1,877364
12518,PF,41,733,38,117,0.325,0,0,NA,38,117,0.325,16,38,0.421,78,129,207,41,22,21,42,103,92,1,5.048780488,0.536585366,0.512195122,2.512195122,17.87804878,0.324786325,7,0.344,11.2,-4.2,0.6,-0.3,1135064
12521,C,71,1211,93,195,0.477,0,0,NA,93,195,0.477,44,54,0.815,131,186,317,44,47,32,54,217,230,0.61971831,4.464788732,0.661971831,0.450704225,3.056338028,17.05633803,0.476923077,10.6,0.526,10.2,-3.2,-0.4,-0.5,4275653
12549,PF,82,1606,159,312,0.51,0,4,0,159,308,0.516,61,116,0.526,125,217,342,90,73,70,69,170,391,1.097560976,4.170731707,0.890243902,0.853658537,2.073170732,19.58536585,0.509615385,13.1,0.522,12.1,-1,1.9,1.2,11262070
12558,SF,80,2940,536,1261,0.425,145,427,0.34,391,834,0.469,233,297,0.785,97,273,370,244,142,20,223,216,2296,3.05,4.625,1.775,0.25,2.7,36.75,0.482553529,16.1,0.521,25,1,-0.8,1.5,1710261
12560,PF,36,406,53,116,0.457,0,3,0,53,113,0.469,19,43,0.442,50,68,118,19,13,1,22,40,134,0.527777778,3.277777778,0.361111111,0.027777778,1.111111111,11.27777778,0.456896552,12.6,0.463,17.6,-1.1,-1.3,0,627547
12577,SG,82,2780,317,688,0.461,49,142,0.345,268,546,0.491,148,172,0.86,69,260,329,347,151,41,155,186,1110,4.231707317,4.012195122,1.841463415,0.5,2.268292683,33.90243902,0.496366279,14,0.544,14.9,-0.3,1.1,2,11800802
12590,PF,75,1280,67,165,0.406,0,3,0,67,162,0.414,83,148,0.561,156,252,408,33,54,10,65,176,226,0.44,5.44,0.72,0.133333333,2.346666667,17.06666667,0.406060606,9.9,0.471,10.7,-2.7,-1.2,-0.6,1197182
12598,SF,10,63,13,20,0.65,0,0,NA,13,20,0.65,8,12,0.667,2,9,11,2,0,1,3,2,34,0.2,1.1,0,0.1,0.2,6.3,0.65,21.6,0.672,20.7,3.8,-0.7,0.1,152835
12608,PF,72,730,65,153,0.425,13,39,0.333,52,114,0.456,31,44,0.705,39,88,127,113,28,8,44,70,252,1.569444444,1.763888889,0.388888889,0.111111111,0.972222222,10.13888889,0.467320261,12.7,0.505,13.3,-0.4,1.3,0.5,627547
12620,SF,75,2112,265,577,0.459,75,172,0.436,190,405,0.469,84,111,0.757,45,208,253,195,85,23,103,142,980,2.6,3.373333333,1.133333333,0.306666667,1.893333333,28.16,0.524263432,13.9,0.55,16.2,0.2,1.1,1.8,8551306
12633,PG,38,364,25,86,0.291,3,10,0.3,22,76,0.289,16,25,0.64,8,31,39,40,11,2,18,22,90,1.052631579,1.026315789,0.289473684,0.052631579,0.578947368,9.578947368,0.308139535,6.1,0.356,14.3,-4.5,-1.6,-0.4,2314188
12658,SF,57,583,81,178,0.455,6,21,0.286,75,157,0.478,32,46,0.696,43,49,92,19,19,20,23,66,245,0.333333333,1.614035088,0.333333333,0.350877193,1.157894737,10.22807018,0.471910112,13,0.504,17.6,-1.5,-1,-0.1,1177821
12690,C,82,1961,197,362,0.544,0,4,0,197,358,0.55,103,154,0.669,248,362,610,64,71,27,60,189,509,0.780487805,7.43902439,0.865853659,0.329268293,2.304878049,23.91463415,0.544198895,16.2,0.578,11.8,0.8,0.5,1.6,6841045
12710,SF,45,516,47,132,0.356,23,63,0.365,24,69,0.348,21,29,0.724,8,62,70,30,14,14,23,72,258,0.666666667,1.555555556,0.311111111,0.311111111,1.6,11.46666667,0.443181818,,,,,,,2388277
12730,SF,64,1245,108,276,0.391,2,19,0.105,106,257,0.412,36,46,0.783,65,90,155,72,25,19,54,109,305,1.125,2.421875,0.390625,0.296875,1.703125,19.453125,0.394927536,6.7,0.429,12.6,-3.4,-1,-0.8,4204677
12750,C,82,2692,535,1025,0.522,0,2,0,535,1023,0.523,361,446,0.809,197,538,735,122,22,156,204,273,1437,1.487804878,8.963414634,0.268292683,1.902439024,3.329268293,32.82926829,0.52195122,21.9,0.586,25.3,1.7,1.1,3.2,7093411
12779,C,7,15,0,4,0,0,0,NA,0,4,0,1,2,0.5,0,1,1,0,1,1,2,3,1,0,0.142857143,0.142857143,0.142857143,0.428571429,2.142857143,0,,,,,,,1282695
12787,PF,52,392,18,53,0.34,0,0,NA,18,53,0.34,10,12,0.833,39,48,87,18,18,16,6,47,46,0.346153846,1.673076923,0.346153846,0.307692308,0.903846154,7.538461538,0.339622642,9.9,0.395,7.2,-2.1,1.8,0.2,2137826
12821,SF,78,1701,149,375,0.397,43,139,0.309,106,236,0.449,34,51,0.667,96,216,312,117,48,18,64,159,663,1.5,4,0.615384615,0.230769231,2.038461538,21.80769231,0.454666667,9.7,0.472,12.4,-1.9,0.3,0.2,4788731
12843,PG,53,763,87,232,0.375,30,100,0.3,57,132,0.432,51,58,0.879,9,51,60,116,37,2,47,62,465,2.188679245,1.132075472,0.698113208,0.037735849,1.169811321,14.39622642,0.439655172,13.1,0.495,18.1,-0.9,-0.6,0.1,1284712
12857,C,56,1577,255,513,0.497,0,0,NA,255,513,0.497,79,138,0.572,119,292,411,49,30,61,78,165,589,0.875,7.339285714,0.535714286,1.089285714,2.946428571,28.16071429,0.497076023,14.4,0.513,18.7,-1.1,-0.7,0.1,2565391
12906,PF,74,2699,381,813,0.469,1,5,0.2,380,808,0.47,243,323,0.752,261,489,750,111,82,33,172,219,1018,1.5,10.13513514,1.108108108,0.445945946,2.959459459,36.47297297,0.469249692,15.9,0.527,19.6,-0.2,-0.5,0.9,9406437
12949,SF,82,2624,211,502,0.42,77,212,0.363,134,290,0.462,66,114,0.579,45,208,253,113,84,33,90,166,970,1.37804878,3.085365854,1.024390244,0.402439024,2.024390244,32,0.497011952,8.2,0.512,11.3,-2.6,2.2,1,6242453
12952,PF,81,3067,663,1368,0.485,1,5,0.2,662,1363,0.486,299,393,0.761,242,609,851,163,68,41,247,227,1638,2.012345679,10.50617284,0.839506173,0.50617284,2.802469136,37.86419753,0.48501462,19.6,0.528,27.6,1.1,-1.6,1.2,2004699
12974,PF,4,23,2,5,0.4,0,2,0,2,3,0.667,1,1,1,1,4,5,0,0,0,2,3,11,0,1.25,0,0,0.75,5.75,0.4,2.1,0.46,14.7,-8.1,-2.1,0,1282695
12991,SG,80,3099,602,1497,0.402,115,384,0.299,487,1113,0.438,517,631,0.819,69,453,522,410,131,52,303,234,2643,5.125,6.525,1.6375,0.65,2.925,38.7375,0.440547762,19.4,0.517,30.5,2.3,-0.3,3.2,19370793
13013,PF,2,27,2,6,0.333,0,0,NA,2,6,0.333,0,0,NA,1,6,7,1,1,0,0,1,4,0.5,3.5,0.5,0,0.5,13.5,0.333333333,8.8,0.333,10.3,-2.1,1.2,0,8552332
13040,PF,75,2081,367,765,0.48,0,2,0,367,763,0.481,128,174,0.736,131,253,384,107,43,47,149,253,868,1.426666667,5.12,0.573333333,0.626666667,3.373333333,27.74666667,0.479738562,13.6,0.512,22.7,-1.9,0.1,0.1,13340038
13044,C,55,595,54,151,0.358,0,1,0,54,150,0.36,33,37,0.892,24,73,97,29,14,10,22,89,144,0.527272727,1.763636364,0.254545455,0.181818182,1.618181818,10.81818182,0.357615894,6.8,0.421,14.5,-5.4,-0.6,-0.6,1829979
13054,SG,81,2998,473,1156,0.409,177,479,0.37,296,677,0.437,278,333,0.835,38,270,308,258,92,34,129,226,2307,3.185185185,3.802469136,1.135802469,0.419753086,2.790123457,37.01234568,0.485726644,16.7,0.538,22.5,2.2,0.2,3.4,21093935
13058,PF,8,19,3,7,0.429,0,0,NA,3,7,0.429,2,4,0.5,2,2,4,1,1,0,1,1,8,0.125,0.5,0.125,0,0.125,2.375,0.428571429,16.4,0.457,24.3,1.8,-0.3,0,1609424
13070,SG,79,3122,622,1492,0.417,63,217,0.29,559,1275,0.438,347,460,0.754,99,333,432,465,130,58,273,149,2116,5.886075949,5.46835443,1.64556962,0.734177215,1.886075949,39.51898734,0.438002681,18.3,0.488,28.2,2.3,-0.6,2.9,6873403
13142,C,82,2353,328,700,0.469,0,0,NA,328,700,0.469,54,114,0.474,257,376,633,114,51,165,107,247,710,1.390243902,7.719512195,0.62195122,2.012195122,3.012195122,28.69512195,0.468571429,15.3,0.473,16.8,-1.1,2.2,1.9,9577463
13148,SF,73,1651,200,395,0.506,2,12,0.167,198,383,0.517,105,190,0.553,129,139,268,139,84,21,105,152,537,1.904109589,3.671232877,1.150684932,0.287671233,2.082191781,22.61643836,0.508860759,14.6,0.53,16.7,-0.4,0.7,1,9313398
13170,C,67,2464,554,948,0.584,0,0,NA,554,948,0.584,331,676,0.49,246,523,769,196,34,166,195,225,1439,2.925373134,11.47761194,0.507462687,2.47761194,3.358208955,36.7761194,0.584388186,24.4,0.578,26.3,3.8,1,4.1,42328965
13196,PG,76,2332,309,714,0.433,80,209,0.383,229,505,0.453,101,131,0.771,26,161,187,317,61,5,124,185,1186,4.171052632,2.460526316,0.802631579,0.065789474,2.434210526,30.68421053,0.488795518,12.6,0.518,17.4,-0.5,-2,-0.3,2565391
13227,PG,82,1401,95,257,0.37,4,9,0.444,91,248,0.367,147,176,0.835,23,147,170,234,51,8,81,119,356,2.853658537,2.073170732,0.62195122,0.097560976,1.451219512,17.08536585,0.377431907,12.2,0.51,13.3,-2.3,0.3,0,4204677
13255,SF,66,2089,363,813,0.446,73,194,0.376,290,619,0.468,171,218,0.784,64,256,320,124,64,20,116,196,1333,1.878787879,4.848484848,0.96969697,0.303030303,2.96969697,31.65151515,0.491389914,15.1,0.534,22.4,0.6,-0.5,1.1,20223839
13277,PG,16,186,17,45,0.378,8,18,0.444,9,27,0.333,5,5,1,3,12,15,14,6,2,6,6,77,0.875,0.9375,0.375,0.125,0.375,11.625,0.466666667,10.1,0.498,12.6,-0.5,0.1,0.1,1829979
13280,PG,5,87,11,37,0.297,0,3,0,11,34,0.324,0,0,NA,2,9,11,12,4,0,12,9,31,2.4,2.2,0.8,0,1.8,17.4,0.297297297,0.3,0.297,26,-9.9,-1,-0.2,1284712
13293,PF,78,2788,608,1400,0.434,2,18,0.111,606,1382,0.438,348,460,0.757,193,585,778,164,59,199,181,248,1614,2.102564103,9.974358974,0.756410256,2.551282051,3.179487179,35.74358974,0.435,21.1,0.489,30.2,1.1,1.3,3.1,22493356
13299,PF,2,11,1,4,0.25,0,1,0,1,3,0.333,0,0,NA,2,1,3,1,1,0,2,3,5,0.5,1.5,0.5,0,1.5,5.5,0.25,-1,0.25,24.6,-12.2,-2.3,0,1955444
13374,SF,80,3119,382,900,0.424,162,405,0.4,220,495,0.444,107,127,0.843,52,435,487,226,86,23,175,227,1762,2.825,6.0875,1.075,0.2875,2.8375,38.9875,0.514444444,12.2,0.54,17.3,-0.4,1,2.1,3762574
13391,C,72,2162,262,549,0.477,0,2,0,262,547,0.479,98,136,0.721,211,516,727,132,86,187,98,239,628,1.833333333,10.09722222,1.194444444,2.597222222,3.319444444,30.02777778,0.47723133,17.8,0.511,14.3,-0.1,2.5,2.5,12399394
13429,C,65,1674,257,586,0.439,0,5,0,257,581,0.442,96,131,0.733,144,301,445,71,45,58,77,192,625,1.092307692,6.846153846,0.692307692,0.892307692,2.953846154,25.75384615,0.438566553,14,0.474,19.4,-1.7,-0.5,0,11287724
13440,SF,55,969,117,254,0.461,38,99,0.384,79,155,0.51,17,27,0.63,41,105,146,64,30,7,29,80,472,1.163636364,2.654545455,0.545454545,0.127272727,1.454545455,17.61818182,0.535433071,12.5,0.543,13.7,0.3,0.2,0.6,3006023
13468,PF,42,494,69,140,0.493,0,1,0,69,139,0.496,42,58,0.724,68,89,157,14,18,12,32,57,183,0.333333333,3.738095238,0.428571429,0.285714286,1.357142857,11.76190476,0.492857143,17.2,0.544,18.6,0,-1.2,0.1,3148248
13530,PG,56,1037,105,246,0.427,2,8,0.25,103,238,0.433,49,65,0.754,14,98,112,204,84,1,72,107,279,3.642857143,2,1.5,0.017857143,1.910714286,18.51785714,0.430894309,,,,,,,8551306
13568,C,43,527,90,186,0.484,2,3,0.667,88,183,0.481,16,27,0.593,38,94,132,17,20,16,16,95,201,0.395348837,3.069767442,0.465116279,0.372093023,2.209302326,12.25581395,0.489247312,14.4,0.5,18.1,-2.1,-0.3,-0.1,1829979
13587,PF,65,2252,439,900,0.488,7,25,0.28,432,875,0.494,201,294,0.684,133,484,617,160,95,82,168,230,1140,2.461538462,9.492307692,1.461538462,1.261538462,3.538461538,34.64615385,0.491666667,18.7,0.528,25,0.1,1.8,2.2,8771398
13594,SF,21,195,27,72,0.375,17,42,0.405,10,30,0.333,13,20,0.65,5,24,29,7,4,7,19,36,159,0.333333333,1.380952381,0.19047619,0.333333333,1.714285714,9.285714286,0.493055556,8.4,0.52,23,-3.7,-0.6,-0.1,1437235
13605,C,56,625,71,139,0.511,0,0,NA,71,139,0.511,75,92,0.815,114,136,250,9,12,11,37,148,217,0.160714286,4.464285714,0.214285714,0.196428571,2.642857143,11.16071429,0.510791367,15.9,0.605,15.2,-1.7,-2.4,-0.3,9284327
13643,SF,62,673,88,237,0.371,10,29,0.345,78,208,0.375,38,60,0.633,46,90,136,46,20,14,52,88,281,0.741935484,2.193548387,0.322580645,0.225806452,1.419354839,10.85483871,0.392405063,9.4,0.425,22.2,-4.1,-0.8,-0.5,1802136
13647,C,76,1682,133,281,0.473,0,0,NA,133,281,0.473,65,106,0.613,158,240,398,72,43,62,40,154,331,0.947368421,5.236842105,0.565789474,0.815789474,2.026315789,22.13157895,0.473309609,12.9,0.505,10.3,-0.7,0.4,0.7,15498174
13680,SF,80,2073,262,645,0.406,101,241,0.419,161,404,0.399,114,161,0.708,52,306,358,154,80,32,94,165,1159,1.925,4.475,1,0.4,2.0625,25.9125,0.484496124,14.1,0.516,18.1,0.1,2.4,2.3,3413016
13726,PF,81,2877,529,1169,0.453,0,1,0,529,1168,0.453,318,393,0.809,171,399,570,158,54,22,178,284,1379,1.950617284,7.037037037,0.666666667,0.271604938,3.50617284,35.51851852,0.452523524,15.6,0.513,23.9,-0.3,-2.5,-0.6,8409354
13736,SF,45,675,119,250,0.476,50,108,0.463,69,142,0.486,16,21,0.762,4,57,61,23,10,13,28,72,478,0.511111111,1.355555556,0.222222222,0.288888889,1.6,15,0.576,14,0.586,20,0.8,-0.7,0.4,964038
13737,PG,17,139,7,27,0.259,0,1,0,7,26,0.269,0,0,NA,3,3,6,24,10,0,10,14,17,1.411764706,0.352941176,0.588235294,0,0.823529412,8.176470588,0.259259259,4.7,0.259,12.6,-6.3,1,-0.1,1282695
13751,SF,42,1336,275,614,0.448,34,100,0.34,241,514,0.469,114,137,0.832,46,143,189,57,42,9,106,96,896,1.357142857,4.5,1,0.214285714,2.285714286,31.80952381,0.475570033,15,0.518,27.4,-0.3,-1.2,0.1,18351103
13777,SF,31,1134,193,410,0.471,8,33,0.242,185,377,0.491,108,157,0.688,91,156,247,63,22,2,65,102,577,2.032258065,7.967741935,0.709677419,0.064516129,3.290322581,36.58064516,0.480487805,16.1,0.524,22.3,1,-1.8,0.3,7337020
13790,PG,52,1378,153,370,0.414,77,207,0.372,76,163,0.466,49,67,0.731,28,108,136,303,84,17,110,132,822,5.826923077,2.615384615,1.615384615,0.326923077,2.538461538,26.5,0.517567568,16.4,0.541,17.5,1.7,1.8,1.9,1473561
13838,SG,26,328,32,98,0.327,13,39,0.333,19,59,0.322,19,22,0.864,1,30,31,26,11,6,20,36,174,1,1.192307692,0.423076923,0.230769231,1.384615385,12.61538462,0.392857143,7.7,0.446,18.7,-4,0.5,-0.1,964038
13889,C,85,2664,266,549,0.485,0,0,NA,266,549,0.485,140,217,0.645,195,419,614,71,54,307,120,300,672,0.835294118,7.223529412,0.635294118,3.611764706,3.529411765,31.34117647,0.484517304,14.4,0.521,13.2,-2,2.3,1.5,17369841
13893,C,38,506,44,96,0.458,0,0,NA,44,96,0.458,33,55,0.6,65,69,134,10,11,19,26,52,121,0.263157895,3.526315789,0.289473684,0.5,1.368421053,13.31578947,0.458333333,12.3,0.503,13.6,-1.6,-0.6,0,1092307
13917,PF,79,2134,369,829,0.445,9,42,0.214,360,787,0.457,167,262,0.637,160,356,516,89,62,72,126,196,1013,1.126582278,6.53164557,0.784810127,0.911392405,2.481012658,27.01265823,0.450542823,15.6,0.484,22.7,-0.8,-1.7,-0.2,5138582
13920,PF,55,1106,92,224,0.411,0,1,0,92,223,0.413,39,54,0.722,79,154,233,71,24,21,29,70,226,1.290909091,4.236363636,0.436363636,0.381818182,1.272727273,20.10909091,0.410714286,10.6,0.45,11.2,-1.2,0,0.2,1829979
13960,SF,82,3133,555,1115,0.498,48,132,0.364,507,983,0.516,357,468,0.763,109,355,464,315,92,28,198,224,1767,3.841463415,5.658536585,1.12195122,0.341463415,2.731707317,38.20731707,0.519282511,18.1,0.573,22.8,1.9,0.4,3.4,2712953
13961,PF,69,2670,484,982,0.493,0,1,0,484,981,0.493,411,532,0.773,269,445,714,227,64,154,193,229,1382,3.289855072,10.34782609,0.927536232,2.231884058,3.31884058,38.69565217,0.49287169,23.2,0.567,23.4,4,0,4,18744463
14097,PF,81,1290,141,348,0.405,41,108,0.38,100,240,0.417,69,107,0.645,108,164,272,101,48,49,55,165,593,1.24691358,3.358024691,0.592592593,0.604938272,2.037037037,15.92592593,0.46408046,14.5,0.496,16.1,0,2.7,1.5,7696175
14115,SG,80,2254,260,594,0.438,134,334,0.401,126,260,0.485,146,165,0.885,18,170,188,249,65,11,68,96,1400,3.1125,2.35,0.8125,0.1375,1.2,28.175,0.550505051,16.1,0.6,15.4,2.5,0.9,3.1,8551306
14117,PF,56,872,100,202,0.495,0,0,NA,100,202,0.495,58,78,0.744,58,119,177,29,12,14,65,134,258,0.517857143,3.160714286,0.214285714,0.25,2.392857143,15.57142857,0.495049505,9,0.546,16,-4,-0.6,-0.6,5002514
14133,PF,85,2684,501,1054,0.475,9,34,0.265,492,1020,0.482,373,429,0.869,189,450,639,174,68,37,184,222,1459,2.047058824,7.517647059,0.8,0.435294118,2.611764706,31.57647059,0.479601518,19.9,0.557,24.4,2.3,-0.7,2.4,23088527
14160,SF,79,2474,446,950,0.469,52,140,0.371,394,810,0.486,196,273,0.718,77,281,358,259,96,22,189,171,1404,3.278481013,4.53164557,1.215189873,0.278481013,2.164556962,31.3164557,0.496842105,16.1,0.533,23,0.6,-0.5,1.3,8552332
14187,PG,4,48,2,10,0.2,0,3,0,2,7,0.286,4,6,0.667,2,5,7,4,2,0,4,7,17,1,1.75,0.5,0,1.75,12,0.2,1.7,0.316,15.4,-8.4,-1.1,-0.1,1282695
14201,SF,49,703,72,191,0.377,43,122,0.352,29,69,0.42,14,16,0.875,10,63,73,26,16,5,29,42,438,0.530612245,1.489795918,0.326530612,0.102040816,0.857142857,14.34693878,0.489528796,8.7,0.507,15.4,-1.1,0.2,0.2,4275653
14207,C,2,12,0,0,NA,0,0,NA,0,0,NA,0,0,NA,1,3,4,0,0,0,1,4,0,0,2,0,0,2,6,#DIV/0!,-3.8,,3.7,-11.4,-1.3,0,62669
14221,C,65,1419,200,409,0.489,0,0,NA,200,409,0.489,59,92,0.641,101,188,289,53,22,28,77,161,459,0.815384615,4.446153846,0.338461538,0.430769231,2.476923077,21.83076923,0.488997555,11.2,0.511,17.2,-2.4,-1.9,-0.8,9774143
14233,PF,58,547,74,167,0.443,28,65,0.431,46,102,0.451,24,32,0.75,46,93,139,23,12,13,22,73,311,0.396551724,2.396551724,0.206896552,0.224137931,1.25862069,9.431034483,0.526946108,15.6,0.552,17.7,1,0.6,0.5,1177821
14274,SF,70,2044,278,695,0.4,40,131,0.305,238,564,0.422,77,98,0.786,71,193,264,106,71,11,110,157,946,1.514285714,3.771428571,1.014285714,0.157142857,2.242857143,29.2,0.428776978,9.4,0.456,18.4,-3,-1,-1.1,2990836
14286,PG,82,2021,389,915,0.425,67,229,0.293,322,686,0.469,168,235,0.715,45,159,204,205,81,28,149,158,1499,2.5,2.487804878,0.987804878,0.341463415,1.926829268,24.64634146,0.461748634,15.4,0.497,26.7,0.1,-1.4,0.4,964038
14372,C,79,1901,257,526,0.489,0,0,NA,257,526,0.489,191,295,0.647,183,345,528,68,36,123,113,219,705,0.860759494,6.683544304,0.455696203,1.556962025,2.772151899,24.06329114,0.488593156,16.4,0.538,17.9,-1.1,0,0.4,3764185
14379,PF,55,819,70,203,0.345,1,4,0.25,69,199,0.347,20,28,0.714,65,122,187,63,31,12,39,81,170,1.145454545,3.4,0.563636364,0.218181818,1.472727273,14.89090909,0.34729064,9.1,0.374,14.2,-2.6,0.5,0,19958749
14394,PF,42,510,66,153,0.431,0,1,0,66,152,0.434,25,42,0.595,48,53,101,22,9,17,20,68,160,0.523809524,2.404761905,0.214285714,0.404761905,1.619047619,12.14285714,0.431372549,11.1,0.458,16.6,-1.9,-1.5,-0.2,2785605
14428,PG,67,2686,554,1402,0.395,187,582,0.321,367,820,0.448,237,352,0.673,66,221,287,501,158,27,215,178,2717,7.47761194,4.28358209,2.358208955,0.402985075,2.656716418,40.08955224,0.461840228,20.7,0.492,30.1,4.7,0.5,4.8,18744463
14453,C,59,789,82,155,0.529,0,0,NA,82,155,0.529,23,69,0.333,54,116,170,12,5,73,29,101,187,0.203389831,2.881355932,0.084745763,1.237288136,1.711864407,13.37288136,0.529032258,11.2,0.504,12.3,-3.1,0,-0.2,2448410
14454,SG,56,2152,447,1017,0.44,148,378,0.392,299,639,0.468,245,271,0.904,69,217,286,268,71,11,156,132,1977,4.785714286,5.107142857,1.267857143,0.196428571,2.357142857,38.42857143,0.512291052,21.7,0.566,27.8,5.5,-1.5,3.2,23088527
14488,C,12,215,33,71,0.465,0,0,NA,33,71,0.465,30,34,0.882,8,19,27,8,2,6,10,32,96,0.666666667,2.25,0.166666667,0.5,2.666666667,17.91666667,0.464788732,13.3,0.558,20.9,-1.6,0.1,0,8409354
14490,SG,51,1810,230,612,0.376,79,259,0.305,151,353,0.428,155,188,0.824,26,156,182,228,66,3,90,79,1234,4.470588235,3.568627451,1.294117647,0.058823529,1.549019608,35.49019608,0.440359477,15.1,0.499,20.5,0.8,-0.5,1,13329776
14541,SG,58,1037,126,314,0.401,55,138,0.399,71,176,0.403,31,39,0.795,16,101,117,66,19,9,38,38,587,1.137931034,2.017241379,0.327586207,0.155172414,0.655172414,17.87931034,0.488853503,,,,,,,13169011
14563,SG,10,110,11,35,0.314,4,11,0.364,7,24,0.292,16,20,0.8,2,9,11,4,0,0,9,10,63,0.4,1.1,0,0,1,11,0.371428571,5.8,0.479,21.7,-4.8,-3.2,-0.2,1282695
14569,C,16,98,7,15,0.467,0,0,NA,7,15,0.467,1,2,0.5,6,17,23,1,3,0,7,14,15,0.0625,1.4375,0.1875,0,0.875,6.125,0.466666667,4.1,0.472,10.8,-7.6,-2.3,-0.2,2209726
14592,PF,33,418,38,99,0.384,0,2,0,38,97,0.392,29,44,0.659,42,70,112,6,9,11,15,54,111,0.181818182,3.393939394,0.272727273,0.333333333,1.636363636,12.66666667,0.383838384,10.4,0.444,15,-3,-0.5,-0.2,2907444
14605,PG,55,2066,358,914,0.392,125,333,0.375,233,581,0.401,237,317,0.748,55,199,254,275,103,12,226,176,1702,5,4.618181818,1.872727273,0.218181818,3.2,37.56363636,0.460065646,16,0.512,27.4,1.1,-1,1.1,14598790
14623,SF,73,2628,453,1013,0.447,76,231,0.329,377,782,0.482,526,620,0.848,96,334,430,224,65,16,207,217,1973,3.068493151,5.890410959,0.890410959,0.219178082,2.97260274,36,0.484698914,20.1,0.586,25.2,3.6,-1.5,2.7,11971829
14694,PF,78,2458,506,1049,0.482,4,15,0.267,502,1034,0.485,365,511,0.714,206,394,600,198,44,132,187,185,1414,2.538461538,7.692307692,0.564102564,1.692307692,2.371794872,31.51282051,0.484270734,21.7,0.542,26.8,2.9,0.1,3,4478139
14757,SG,76,2095,279,679,0.411,30,79,0.38,249,600,0.415,111,138,0.804,69,218,287,176,70,20,107,146,846,2.315789474,3.776315789,0.921052632,0.263157895,1.921052632,27.56578947,0.432989691,11.8,0.472,18.6,-1.4,-0.3,0.1,23088527
14761,SF,79,2067,278,578,0.481,0,10,0,278,568,0.489,47,77,0.61,77,183,260,136,60,12,85,184,633,1.721518987,3.291139241,0.759493671,0.151898734,2.329113924,26.16455696,0.480968858,10.6,0.493,15.5,-2.4,0.1,-0.1,1829979
14787,SG,2,13,1,7,0.143,0,0,NA,1,7,0.143,1,2,0.5,0,0,0,0,2,0,1,0,3,0,0,1,0,0,6.5,0.142857143,-4.7,0.19,31.6,-14.5,0.9,0,627547
14810,SG,53,767,143,357,0.401,19,61,0.311,124,296,0.419,59,81,0.728,16,49,65,53,26,5,59,83,490,1,1.226415094,0.490566038,0.094339623,1.566037736,14.47169811,0.427170868,10.8,0.464,27.7,-2.6,-1.2,-0.3,627547
14870,SG,41,552,54,124,0.435,11,30,0.367,43,94,0.457,15,24,0.625,24,47,71,32,22,4,24,54,191,0.780487805,1.731707317,0.536585366,0.097560976,1.317073171,13.46341463,0.47983871,9.3,0.498,12.7,-2.5,0.2,0,1498495
14905,C,75,1260,183,349,0.524,0,1,0,183,348,0.526,58,118,0.492,126,220,346,28,51,105,45,186,427,0.373333333,4.613333333,0.68,1.4,2.48,16.8,0.524355301,17,0.529,16,-1,1.6,0.8,964038
14929,SF,17,32,6,14,0.429,0,0,NA,6,14,0.429,1,4,0.25,2,1,3,3,0,4,3,6,13,0.176470588,0.176470588,0,0.235294118,0.352941176,1.882352941,0.428571429,9.3,0.412,27.6,-6.6,0.4,0,1434156
14934,SG,80,3229,460,1081,0.426,164,420,0.39,296,661,0.448,176,217,0.811,40,322,362,258,107,33,180,179,2028,3.225,4.525,1.3375,0.4125,2.2375,40.3625,0.501387604,14.1,0.535,20.1,0.5,0.9,2.8,9225363
14962,SF,21,287,36,97,0.371,13,36,0.361,23,61,0.377,28,31,0.903,5,34,39,11,8,7,16,32,182,0.523809524,1.857142857,0.380952381,0.333333333,1.523809524,13.66666667,0.43814433,11.5,0.511,20.5,-1.3,-0.6,0,1282695
15010,PF,32,256,9,33,0.273,0,0,,9,33,0.273,14,31,0.452,21,31,52,13,14,3,10,50,32,0.40625,1.625,0.4375,0.09375,1.5625,8,0.272727273,,,,,,,1282695
15033,PG,40,412,40,105,0.381,11,23,0.478,29,82,0.354,27,31,0.871,9,28,37,82,25,3,33,44,154,2.05,0.925,0.625,0.075,1.1,10.3,0.433333333,13.1,0.497,16.5,-1.3,1.2,0.2,1391603
15058,PG,64,1544,192,484,0.397,81,241,0.336,111,243,0.457,73,97,0.753,9,84,93,223,45,2,92,102,1018,3.484375,1.453125,0.703125,0.03125,1.59375,24.125,0.480371901,12.1,0.511,18.5,-0.3,-0.9,0.3,6670019
15063,SG,20,154,15,53,0.283,1,4,0.25,14,49,0.286,5,11,0.455,7,16,23,12,5,6,12,23,45,0.6,1.15,0.25,0.3,1.15,7.7,0.29245283,2.5,0.311,20.4,-7.1,-0.6,-0.2,1819170
15069,PG,67,2450,368,959,0.384,94,293,0.321,274,666,0.411,206,249,0.827,85,343,428,618,122,14,214,110,1633,9.223880597,6.388059701,1.820895522,0.208955224,1.641791045,36.56716418,0.43274244,19.7,0.485,24.6,3.4,1.3,4.2,22493356
15093,C,42,453,43,103,0.417,0,0,NA,43,103,0.417,22,36,0.611,50,75,125,23,11,15,19,61,108,0.547619048,2.976190476,0.261904762,0.357142857,1.452380952,10.78571429,0.417475728,12.2,0.454,14.4,-2.3,-0.3,-0.1,1284712
15138,C,17,347,18,50,0.36,0,0,NA,18,50,0.36,13,31,0.419,32,79,111,7,5,17,18,53,49,0.411764706,6.529411765,0.294117647,1,3.117647059,20.41176471,0.36,6.7,0.385,10.7,-6,-1.1,-0.4,4058978
15199,PF,6,68,10,21,0.476,0,0,NA,10,21,0.476,4,6,0.667,11,10,21,2,1,2,3,1,24,0.333333333,3.5,0.166666667,0.333333333,0.166666667,11.33333333,0.476190476,18.2,0.508,17.8,3.1,-2.1,0.1,13138548
15213,C,65,990,129,259,0.498,0,0,NA,129,259,0.498,66,100,0.66,78,152,230,32,20,60,82,180,324,0.492307692,3.538461538,0.307692308,0.923076923,2.769230769,15.23076923,0.498069498,11.3,0.535,18,-4.6,-0.1,-0.7,8552332
15217,PF,71,1029,90,203,0.443,0,1,0,90,202,0.446,63,107,0.589,89,209,298,35,34,114,48,119,246,0.492957746,4.197183099,0.478873239,1.605633803,1.676056338,14.49295775,0.443349754,14.4,0.486,12.7,-2.2,2.7,0.6,1092307
15223,PF,10,89,14,28,0.5,0,0,NA,14,28,0.5,4,4,1,6,18,24,3,2,2,6,14,32,0.3,2.4,0.2,0.2,1.4,8.9,0.5,12.9,0.538,18.2,-3.7,-1.2,-0.1,1282695
15247,PF,82,2840,483,1129,0.428,82,305,0.269,401,824,0.487,103,186,0.554,198,486,684,369,65,65,202,212,1820,4.5,8.341463415,0.792682927,0.792682927,2.585365854,34.63414634,0.464127547,15.8,0.475,21.8,1.3,-0.8,1.8,23088527
15266,SF,82,3100,518,1266,0.409,99,299,0.331,419,967,0.433,240,295,0.814,56,254,310,286,88,21,158,101,1975,3.487804878,3.780487805,1.073170732,0.256097561,1.231707317,37.80487805,0.448262243,14.7,0.493,23.6,0.3,-0.6,1.3,23088527
15267,SG,56,1039,203,411,0.494,11,36,0.306,192,375,0.512,60,78,0.769,66,80,146,116,53,12,44,51,552,2.071428571,2.607142857,0.946428571,0.214285714,0.910714286,18.55357143,0.50729927,20.1,0.536,20.6,2.7,-0.4,1.1,627547
15297,PF,2,22,1,3,0.333,0,0,NA,1,3,0.333,0,0,NA,0,0,0,1,0,0,0,2,2,0.5,0,0,0,1,11,0.333333333,0.5,0.333,6.2,-5.1,-3.1,0,4521503
15345,PF,59,789,104,219,0.475,0,1,0,104,218,0.477,43,63,0.683,57,131,188,29,14,18,45,144,254,0.491525424,3.186440678,0.237288136,0.305084746,2.440677966,13.37288136,0.474885845,9.7,0.509,16.7,-4.8,-1.4,-0.8,1829979
15358,C,76,1330,186,381,0.488,0,0,NA,186,381,0.488,110,166,0.663,156,257,413,21,37,63,90,208,482,0.276315789,5.434210526,0.486842105,0.828947368,2.736842105,17.5,0.488188976,14.6,0.531,18.5,-2.4,-0.6,-0.3,4804968
15414,SF,54,469,63,139,0.453,34,92,0.37,29,47,0.617,23,26,0.885,12,44,56,24,16,4,7,50,357,0.444444444,1.037037037,0.296296296,0.074074074,0.925925926,8.685185185,0.575539568,15.7,0.608,15.5,1.9,-0.6,0.4,627547
15418,C,66,1606,152,300,0.507,0,0,NA,152,300,0.507,134,181,0.74,123,220,343,57,42,25,77,258,438,0.863636364,5.196969697,0.636363636,0.378787879,3.909090909,24.33333333,0.506666667,11.2,0.577,12.8,-2.7,-0.3,-0.4,2565391
15432,C,81,2539,466,965,0.483,2,7,0.286,464,958,0.484,303,406,0.746,279,374,653,109,39,201,163,277,1252,1.345679012,8.061728395,0.481481481,2.481481481,3.419753086,31.34567901,0.483937824,20.2,0.541,23.1,1.1,-0.2,1.9,23088527
15493,C,18,72,12,26,0.462,0,0,NA,12,26,0.462,4,6,0.667,5,10,15,3,0,3,6,13,28,0.166666667,0.833333333,0,0.166666667,0.722222222,4,0.461538462,,,,,,,1282695
15508,PF,82,1913,177,469,0.377,5,30,0.167,172,439,0.392,105,171,0.614,180,244,424,93,48,28,107,212,539,1.134146341,5.170731707,0.585365854,0.341463415,2.585365854,23.32926829,0.382729211,8.7,0.426,15.1,-3.6,-1,-1.2,2932140
15519,C,82,1843,200,435,0.46,0,2,0,200,433,0.462,99,142,0.697,126,335,461,85,23,73,155,211,505,1.036585366,5.62195122,0.280487805,0.890243902,2.573170732,22.47560976,0.459770115,9.6,0.502,15.7,-3.4,-0.8,-1,4095391
15533,C,72,1246,101,204,0.495,0,6,0,101,198,0.51,57,118,0.483,134,138,272,28,33,18,47,175,277,0.388888889,3.777777778,0.458333333,0.25,2.430555556,17.30555556,0.495098039,9.4,0.506,11.5,-2.9,0,-0.3,1135064
15539,PF,5,38,3,5,0.6,0,0,NA,3,5,0.6,3,4,0.75,5,3,8,0,0,1,2,10,9,0,1.6,0,0.2,2,7.6,0.6,8.2,0.666,10.8,-4.4,-0.8,0,379385
15551,SG,61,2061,401,1009,0.397,79,232,0.341,322,777,0.414,267,335,0.797,96,230,326,148,95,26,152,147,1607,2.426229508,5.344262295,1.557377049,0.426229508,2.409836066,33.78688525,0.436570862,17.6,0.496,28.1,1.7,-0.7,1.5,8552332
15576,SF,73,2041,316,724,0.436,60,152,0.395,256,572,0.448,135,158,0.854,51,175,226,122,56,15,103,144,1103,1.671232877,3.095890411,0.767123288,0.205479452,1.97260274,27.95890411,0.477900552,13.2,0.521,20.1,-0.1,-1.6,0.2,2633802
15589,C,62,875,94,199,0.472,0,1,0,94,198,0.475,30,45,0.667,65,138,203,32,35,39,35,145,221,0.516129032,3.274193548,0.564516129,0.629032258,2.338709677,14.11290323,0.472361809,11.2,0.498,12.7,-3.2,1.4,0,627547
15591,C,10,98,11,23,0.478,0,0,NA,11,23,0.478,3,8,0.375,7,10,17,3,1,1,7,17,25,0.3,1.7,0.1,0.1,1.7,9.8,0.47826087,5.1,0.471,15.9,-5.7,-1.5,-0.1,599585
15595,PF,2,5,1,3,0.333,0,0,NA,1,3,0.333,0,0,NA,0,1,1,0,0,0,0,0,2,0,0.5,0,0,0,2.5,0.333333333,5.9,0.333,28.2,-1.8,-3.4,0,627547
15651,PG,15,78,4,18,0.222,1,7,0.143,3,11,0.273,3,3,1,0,6,6,13,4,0,8,1,30,0.866666667,0.4,0.266666667,0,0.066666667,5.2,0.25,4.5,0.311,16,-5.8,-1.7,-0.1,2223339
15654,SF,33,518,76,215,0.353,21,60,0.35,55,155,0.355,24,35,0.686,14,76,90,28,15,7,38,47,314,0.848484848,2.727272727,0.454545455,0.212121212,1.424242424,15.6969697,0.402325581,8.9,0.428,25.1,-3.6,-0.2,-0.2,7696175
15666,C,54,708,78,163,0.479,0,0,NA,78,163,0.479,61,90,0.678,35,97,132,24,19,21,32,98,217,0.444444444,2.444444444,0.351851852,0.388888889,1.814814815,13.11111111,0.478527607,11.2,0.536,15,-2.4,0.5,0,2052313
15685,SF,79,1144,149,376,0.396,19,70,0.271,130,306,0.425,65,84,0.774,44,115,159,60,41,16,67,187,535,0.759493671,2.012658228,0.518987342,0.202531646,2.367088608,14.48101266,0.421542553,,,,,,,1894901
15711,PG,82,1617,223,517,0.431,25,85,0.294,198,432,0.458,101,117,0.863,24,131,155,305,62,2,174,200,752,3.719512195,1.890243902,0.756097561,0.024390244,2.43902439,19.7195122,0.455512573,12,0.503,21.4,-1.7,-1,-0.3,1062961
15733,SG,75,1391,156,348,0.448,68,141,0.482,88,207,0.425,51,61,0.836,31,122,153,120,56,10,77,103,650,1.6,2.04,0.746666667,0.133333333,1.373333333,18.54666667,0.545977011,11.8,0.575,14.7,-0.4,-0.2,0.5,1829979
15783,C,78,2220,163,384,0.424,0,2,0,163,382,0.427,136,184,0.739,143,257,400,153,67,56,97,251,468,1.961538462,5.128205128,0.858974359,0.717948718,3.217948718,28.46153846,0.424479167,10,0.497,11.9,-2.9,1.3,0.3,2099311
15803,C,61,678,47,114,0.412,0,0,NA,47,114,0.412,12,21,0.571,67,97,164,10,23,26,22,110,106,0.163934426,2.68852459,0.37704918,0.426229508,1.803278689,11.1147541,0.412280702,8.3,0.43,10.1,-4.4,1,-0.2,9080740
15857,C,81,3050,315,748,0.421,1,8,0.125,314,740,0.424,142,290,0.49,324,682,1006,138,143,246,123,162,794,1.703703704,12.41975309,1.765432099,3.037037037,2,37.65432099,0.421791444,17.3,0.441,15.3,0.2,3.3,4.3,9406437
15912,PG,55,1472,153,398,0.384,5,21,0.238,148,377,0.393,80,98,0.816,37,140,177,356,60,3,139,123,439,6.472727273,3.218181818,1.090909091,0.054545455,2.236363636,26.76363636,0.390703518,12.1,0.443,17.9,-1.7,-0.6,-0.1,3425106
15924,SF,82,2534,409,867,0.472,9,39,0.231,400,828,0.483,356,463,0.769,93,266,359,152,60,24,148,191,1273,1.853658537,4.37804878,0.731707317,0.292682927,2.329268293,30.90243902,0.476931949,15.7,0.552,21.8,0.5,-0.9,1,3246609
15925,PF,76,2254,311,708,0.439,1,5,0.2,310,703,0.441,207,241,0.859,230,413,643,78,47,94,82,209,842,1.026315789,8.460526316,0.618421053,1.236842105,2.75,29.65789474,0.439971751,16.6,0.51,18,0.3,-0.7,0.9,9313398
15928,C,75,2510,327,712,0.459,5,14,0.357,322,698,0.461,202,288,0.701,191,366,557,78,59,106,107,215,888,1.04,7.426666667,0.786666667,1.413333333,2.866666667,33.46666667,0.462780899,15.1,0.513,18.3,-1.2,0.5,0.8,4979117
15929,PG,39,1255,187,479,0.39,46,150,0.307,141,329,0.429,70,99,0.707,16,88,104,206,20,2,78,57,802,5.282051282,2.666666667,0.512820513,0.051282051,1.461538462,32.17948718,0.438413361,13.1,0.469,22.1,0.4,-1.8,0.2,20448952
15947,PG,31,479,81,199,0.407,22,62,0.355,59,137,0.431,23,27,0.852,8,29,37,70,13,6,47,50,327,2.258064516,1.193548387,0.419354839,0.193548387,1.612903226,15.4516129,0.462311558,,,,,,,964038
15993,PG,81,1385,177,442,0.4,27,86,0.314,150,356,0.421,99,131,0.756,30,103,133,175,88,13,125,171,657,2.160493827,1.641975309,1.086419753,0.160493827,2.111111111,17.09876543,0.430995475,11,0.48,20.5,-3.4,0.4,-0.4,2564365
16010,PF,82,3231,804,1611,0.499,11,43,0.256,793,1568,0.506,368,465,0.791,245,894,1139,409,120,178,212,202,2083,4.987804878,13.8902439,1.463414634,2.170731707,2.463414634,39.40243902,0.50248293,29.4,0.547,29.6,6.8,3.3,10,47887316
16015,SG,39,516,90,211,0.427,2,7,0.286,88,204,0.431,13,17,0.765,10,39,49,22,14,5,26,37,210,0.564102564,1.256410256,0.358974359,0.128205128,0.948717949,13.23076923,0.431279621,9.3,0.446,21.9,-3.9,0.3,-0.2,11544263
16028,SG,78,2772,530,1166,0.455,18,68,0.265,512,1098,0.466,297,342,0.868,78,201,279,310,103,17,210,222,1525,3.974358974,3.576923077,1.320512821,0.217948718,2.846153846,35.53846154,0.462264151,16.8,0.522,25.7,0.5,0.7,2.3,11116698
16071,SG,80,1974,238,564,0.422,36,128,0.281,202,436,0.463,123,161,0.764,53,169,222,122,68,17,118,182,911,1.525,2.775,0.85,0.2125,2.275,24.675,0.453900709,10.1,0.5,17.7,-2.4,0.1,-0.2,11458750
16104,SF,68,2030,240,631,0.38,10,42,0.238,230,589,0.39,133,176,0.756,92,234,326,126,75,13,91,162,719,1.852941176,4.794117647,1.102941176,0.191176471,2.382352941,29.85294118,0.388272583,10.7,0.44,18.5,-2.9,0.1,-0.4,3086474
16106,PG,61,1033,99,245,0.404,3,23,0.13,96,222,0.432,23,31,0.742,16,70,86,138,26,2,58,89,284,2.262295082,1.409836066,0.426229508,0.032786885,1.459016393,16.93442623,0.410204082,7.5,0.433,13.6,-3.5,-1.4,-0.8,1190074
16109,SG,82,2842,434,959,0.453,97,276,0.351,337,683,0.493,107,136,0.787,56,271,327,206,125,40,95,144,1609,2.512195122,3.987804878,1.524390244,0.487804878,1.756097561,34.65853659,0.503128259,14.7,0.526,18.4,0.4,1.2,2.6,15848420
16126,SF,82,2376,488,913,0.535,16,40,0.4,472,873,0.541,220,294,0.748,233,287,520,70,83,30,81,174,1284,0.853658537,6.341463415,1.012195122,0.365853659,2.12195122,28.97560976,0.543263965,21.2,0.581,20.7,3.3,-1.5,2.2,19370793
16214,PF,39,307,40,122,0.328,3,11,0.273,37,111,0.333,23,29,0.793,24,39,63,10,6,8,17,50,130,0.256410256,1.615384615,0.153846154,0.205128205,1.282051282,7.871794872,0.340163934,7.1,0.393,21.7,-5.2,-1.4,-0.4,4653210
16231,SG,48,2040,435,1125,0.387,57,199,0.286,378,926,0.408,339,455,0.745,34,144,178,324,115,5,209,87,1692,6.75,3.708333333,2.395833333,0.104166667,1.8125,42.5,0.412,19.3,0.478,35.3,2.7,-0.6,2.1,23088527
16250,PF,23,831,174,421,0.413,1,5,0.2,173,416,0.416,81,114,0.711,48,152,200,105,31,20,60,76,442,4.565217391,8.695652174,1.347826087,0.869565217,3.304347826,36.13043478,0.414489311,17.2,0.456,28.9,-0.2,-0.4,0.3,27257289
16260,PF,80,2753,339,712,0.476,0,1,0,339,711,0.477,158,185,0.854,237,453,690,155,78,73,101,203,839,1.9375,8.625,0.975,0.9125,2.5375,34.4125,0.476123596,15.7,0.527,14.8,0.3,0.4,1.9,13682090
16265,SG,42,373,33,96,0.344,13,44,0.295,20,52,0.385,14,23,0.609,24,44,68,14,12,9,19,48,186,0.333333333,1.619047619,0.285714286,0.214285714,1.142857143,8.880952381,0.411458333,7.6,0.438,15.2,-2.9,-0.4,-0.1,2565391
16287,PG,81,3018,499,1196,0.417,146,421,0.347,353,775,0.455,215,260,0.827,49,287,336,437,124,16,229,192,2184,5.395061728,4.148148148,1.530864198,0.197530864,2.37037037,37.25925926,0.47826087,16.2,0.519,23.2,1.4,-1.1,1.7,14252176
16341,SF,72,945,98,244,0.402,43,112,0.384,55,132,0.417,50,65,0.769,32,114,146,71,32,12,37,110,496,0.986111111,2.027777778,0.444444444,0.166666667,1.527777778,13.125,0.489754098,11.6,0.53,14.7,-0.9,0.6,0.4,1829979
16354,PF,68,1637,158,336,0.47,0,8,0,158,328,0.482,106,155,0.684,177,298,475,72,90,8,74,134,446,1.058823529,6.985294118,1.323529412,0.117647059,1.970588235,24.07352941,0.470238095,14.7,0.522,13.3,-0.8,1.2,1,10240189
16387,C,77,1484,200,388,0.515,0,1,0,200,387,0.517,137,234,0.585,186,201,387,43,32,100,80,154,540,0.558441558,5.025974026,0.415584416,1.298701299,2,19.27272727,0.515463918,17.2,0.547,17,-0.2,-0.5,0.5,1924659
16418,PG,69,1114,145,350,0.414,27,80,0.338,118,270,0.437,65,79,0.823,35,73,108,163,52,7,80,105,541,2.362318841,1.565217391,0.753623188,0.101449275,1.52173913,16.14492754,0.452857143,13.1,0.496,19.3,-0.9,-0.6,0.2,2436096
16436,SF,20,178,16,43,0.372,6,12,0.5,10,31,0.323,6,8,0.75,13,28,41,7,5,5,14,18,62,0.35,2.05,0.25,0.25,0.9,8.9,0.441860465,8.4,0.473,15.3,-3,-0.3,-0.1,627547
16458,C,48,506,53,100,0.53,0,1,0,53,99,0.535,15,23,0.652,46,84,130,36,19,26,33,91,124,0.75,2.708333333,0.395833333,0.541666667,1.895833333,10.54166667,0.53,12.9,0.549,13.3,-3,2.8,0.2,1174672
16476,C,24,273,34,77,0.442,0,0,NA,34,77,0.442,23,30,0.767,23,35,58,6,5,11,17,52,91,0.25,2.416666667,0.208333333,0.458333333,2.166666667,11.375,0.441558442,,,,,,,7183097
16492,PF,35,417,40,84,0.476,0,1,0,40,83,0.482,22,38,0.579,41,72,113,8,17,12,25,42,105,0.228571429,3.228571429,0.485714286,0.342857143,1.2,11.91428571,0.476190476,,,,,,,2736418
16517,PG,58,1137,137,352,0.389,8,46,0.174,129,306,0.422,78,94,0.83,17,62,79,130,45,6,65,108,474,2.24137931,1.362068966,0.775862069,0.103448276,1.862068966,19.60344828,0.400568182,10,0.458,17.9,-2.8,-1.1,-0.6,3859108
16526,C,28,366,27,69,0.391,0,0,NA,27,69,0.391,44,59,0.746,43,69,112,0,8,25,18,59,98,0,4,0.285714286,0.892857143,2.107142857,13.07142857,0.391304348,12.9,0.516,14,-3.9,-1.4,-0.3,1197182
16529,SF,82,2701,338,723,0.467,57,157,0.363,281,566,0.496,108,141,0.766,93,297,390,191,63,69,119,149,1141,2.329268293,4.756097561,0.768292683,0.841463415,1.817073171,32.93902439,0.506915629,13.3,0.536,15.6,0.4,1.4,2.6,1660937
16535,SF,28,622,106,236,0.449,20,46,0.435,86,190,0.453,53,64,0.828,24,64,88,33,12,1,28,42,363,1.178571429,3.142857143,0.428571429,0.035714286,1.5,22.21428571,0.491525424,15.3,0.539,22.1,1.2,-0.6,0.4,13682090
16537,SF,38,724,63,138,0.457,2,13,0.154,61,125,0.488,43,61,0.705,53,98,151,48,27,3,44,76,204,1.263157895,3.973684211,0.710526316,0.078947368,2,19.05263158,0.463768116,10.6,0.519,12.8,-1.4,-0.7,0,1190074
16573,PF,62,1050,115,253,0.455,0,3,0,115,250,0.46,15,27,0.556,98,177,275,55,49,24,43,135,254,0.887096774,4.435483871,0.790322581,0.387096774,2.177419355,16.93548387,0.454545455,11.9,0.462,13.3,-2.5,1,0.1,2873238
16589,SG,58,627,85,196,0.434,4,14,0.286,81,182,0.445,60,74,0.811,38,92,130,33,15,4,38,61,264,0.568965517,2.24137931,0.25862069,0.068965517,1.051724138,10.81034483,0.443877551,13.1,0.512,19.7,-1.9,0.6,0.1,964038
16608,PF,73,1522,211,506,0.417,49,168,0.292,162,338,0.479,145,199,0.729,60,211,271,200,59,21,110,110,973,2.739726027,3.712328767,0.808219178,0.287671233,1.506849315,20.84931507,0.46541502,16.1,0.519,21,1.5,0.5,1.6,15488553
16637,PG,70,2365,334,747,0.447,46,127,0.362,288,620,0.465,114,143,0.797,33,143,176,430,72,6,120,163,1071,6.142857143,2.514285714,1.028571429,0.085714286,2.328571429,33.78571429,0.477911647,15.1,0.511,18.2,0.6,-1,0.9,5643862
16656,SG,65,2447,516,1178,0.438,71,217,0.327,445,961,0.463,454,533,0.852,103,256,359,330,112,28,171,176,1995,5.076923077,5.523076923,1.723076923,0.430769231,2.707692308,37.64615385,0.468166384,23.7,0.551,29.1,5.1,0.5,4.7,23088527
16694,PG,33,391,27,82,0.329,1,10,0.1,26,72,0.361,33,43,0.767,5,29,34,59,16,1,29,39,115,1.787878788,1.03030303,0.484848485,0.03030303,1.181818182,11.84848485,0.335365854,8.1,0.436,15.7,-4.7,0.6,-0.2,627547
16698,C,65,892,138,314,0.439,0,0,NA,138,314,0.439,85,124,0.685,52,157,209,45,21,50,63,137,361,0.692307692,3.215384615,0.323076923,0.769230769,2.107692308,13.72307692,0.439490446,13.8,0.49,22.6,-3,2,0.2,6841045
16702,SG,57,772,115,303,0.38,10,39,0.256,105,264,0.398,44,56,0.786,23,49,72,76,28,2,51,87,371,1.333333333,1.263157895,0.49122807,0.035087719,1.526315789,13.54385965,0.396039604,14.7,0.522,13.3,-0.8,1.2,1,10240189
16709,PF,71,930,108,228,0.474,0,2,0,108,226,0.478,57,80,0.713,117,180,297,60,27,28,48,117,279,0.845070423,4.183098592,0.38028169,0.394366197,1.647887324,13.09859155,0.473684211,15.9,0.519,15.3,-0.8,0.3,0.4,1984176
16717,C,48,373,70,150,0.467,0,1,0,70,149,0.47,24,39,0.615,37,61,98,11,21,9,32,61,167,0.229166667,2.041666667,0.4375,0.1875,1.270833333,7.770833333,0.466666667,14.9,0.491,24.7,-3.4,1.5,0,1829979
16742,C,59,636,47,117,0.402,0,1,0,47,116,0.405,19,27,0.704,48,85,133,20,12,20,25,89,116,0.338983051,2.254237288,0.203389831,0.338983051,1.508474576,10.77966102,0.401709402,7.3,0.438,11.4,-4.4,0.4,-0.3,1177821
16766,SF,75,2336,323,720,0.449,94,254,0.37,229,466,0.491,137,185,0.741,87,355,442,220,68,13,143,169,1357,2.933333333,5.893333333,0.906666667,0.173333333,2.253333333,31.14666667,0.513888889,15.1,0.547,18.6,1,0.3,2,5699479
16851,SF,41,427,52,129,0.403,21,44,0.477,31,85,0.365,20,24,0.833,19,36,55,14,13,2,21,41,214,0.341463415,1.341463415,0.317073171,0.048780488,1,10.41463415,0.484496124,10.2,0.519,16.8,-1.5,-1.1,-0.1,627547
16896,C,61,949,149,379,0.393,11,36,0.306,138,343,0.402,73,86,0.849,54,142,196,39,22,24,48,85,457,0.639344262,3.213114754,0.360655738,0.393442623,1.393442623,15.55737705,0.407651715,12.6,0.458,21.7,-1.3,-1.8,-0.3,4275653
16923,SG,53,703,66,175,0.377,12,44,0.273,54,131,0.412,20,27,0.741,28,75,103,45,21,4,34,77,260,0.849056604,1.943396226,0.396226415,0.075471698,1.452830189,13.26415094,0.411428571,7.4,0.439,14.8,-3.8,0.3,-0.3,4515089
16940,PG,22,157,15,36,0.417,3,8,0.375,12,28,0.429,17,20,0.85,4,13,17,16,9,1,12,16,65,0.727272727,0.772727273,0.409090909,0.045454545,0.727272727,7.136363636,0.458333333,13.2,0.558,17.1,-1.1,1.6,0.1,1282695
16953,PG,71,1271,107,277,0.386,3,20,0.15,104,257,0.405,53,68,0.779,12,104,116,195,44,2,84,126,321,2.746478873,1.633802817,0.61971831,0.028169014,1.774647887,17.90140845,0.391696751,8,0.44,14,-4.4,-0.6,-1,1391603
17007,PF,7,25,2,6,0.333,0,0,NA,2,6,0.333,5,6,0.833,0,5,5,2,0,0,1,8,9,0.285714286,0.714285714,0,0,1.142857143,3.571428571,0.333333333,8.1,0.521,18.4,-6.3,1.6,0,1282695
17132,SG,81,2179,262,612,0.428,69,181,0.381,193,431,0.448,153,206,0.743,60,236,296,183,101,7,129,176,1082,2.259259259,3.654320988,1.24691358,0.086419753,2.172839506,26.90123457,0.484477124,12.6,0.531,17.4,-1.1,0.1,0.6,2268832
17143,PF,78,2895,412,931,0.443,68,201,0.338,344,730,0.471,392,496,0.79,226,403,629,244,150,215,215,174,1683,3.128205128,8.064102564,1.923076923,2.756410256,2.230769231,37.11538462,0.47905478,22.6,0.559,21.9,5,2.9,7.2,1634667
17158,SF,23,412,53,140,0.379,13,48,0.271,40,92,0.435,17,27,0.63,20,48,68,50,21,9,29,38,241,2.173913043,2.956521739,0.913043478,0.391304348,1.652173913,17.91304348,0.425,12.4,0.448,19.6,-1.4,0.8,0.1,8409354
17175,PF,80,2548,392,829,0.473,0,3,0,392,826,0.475,106,127,0.835,145,517,662,149,56,80,132,298,899,1.8625,8.275,0.7,1,3.725,31.85,0.472858866,14.1,0.503,18.5,-1.3,0.6,0.8,9225363
17183,PF,31,263,36,74,0.486,1,2,0.5,35,72,0.486,20,28,0.714,21,32,53,4,6,12,9,25,96,0.129032258,1.709677419,0.193548387,0.387096774,0.806451613,8.483870968,0.493243243,14.6,0.539,16.4,-0.8,-0.1,0.1,2646253
17200,PG,36,443,43,158,0.272,19,74,0.257,24,84,0.286,13,20,0.65,9,27,36,51,18,4,24,32,283,1.416666667,1,0.5,0.111111111,0.888888889,12.30555556,0.332278481,6.2,0.354,19.4,-4.3,-0.9,-0.4,964038
17244,SF,70,1229,76,196,0.388,3,15,0.2,73,181,0.403,49,58,0.845,22,65,87,53,23,5,48,153,240,0.757142857,1.242857143,0.328571429,0.071428571,2.185714286,17.55714286,0.395408163,3.6,0.46,10.6,-6.6,0.4,-1.3,4788731
17261,PG,26,220,22,52,0.423,0,0,NA,22,52,0.423,5,6,0.833,4,14,18,27,12,1,16,20,49,1.038461538,0.692307692,0.461538462,0.038461538,0.769230769,8.461538462,0.423076923,8,0.448,15.1,-4.8,1.8,-0.1,1651445
17341,SG,77,2260,330,789,0.418,88,245,0.359,242,544,0.445,239,298,0.802,86,258,344,291,136,16,161,181,1458,3.779220779,4.467532468,1.766233766,0.207792208,2.350649351,29.35064935,0.474017744,18.5,0.536,22.1,1.5,3.1,3.8,2492705
17344,C,82,2402,342,604,0.566,0,0,NA,342,604,0.566,159,221,0.719,207,382,589,75,80,106,150,253,843,0.914634146,7.182926829,0.975609756,1.292682927,3.085365854,29.29268293,0.566225166,16,0.601,16.1,-0.6,0.1,0.9,1616063
17367,SG,72,2778,514,1159,0.443,150,370,0.405,364,789,0.461,164,193,0.85,78,247,325,212,84,39,83,118,2002,2.944444444,4.513888889,1.166666667,0.541666667,1.638888889,38.58333333,0.508196721,17.8,0.539,20.9,3,-1.2,2.7,22714407
17371,PG,82,2980,527,1170,0.45,148,378,0.392,379,792,0.479,304,373,0.815,67,210,277,444,112,18,175,146,2196,5.414634146,3.37804878,1.365853659,0.219512195,1.780487805,36.34146341,0.513675214,19.3,0.564,22.9,3.4,-1,3.3,16247482
17401,PG,53,748,96,231,0.416,35,105,0.333,61,126,0.484,52,75,0.693,48,71,119,27,32,12,40,100,489,0.509433962,2.245283019,0.603773585,0.226415094,1.886792453,14.11320755,0.491341991,12.9,0.528,18.7,-1,0.4,0.3,2613186
17424,PG,6,34,4,18,0.222,0,4,0,4,14,0.286,3,3,1,3,1,4,4,1,0,6,6,23,0.666666667,0.666666667,0.166666667,0,1,5.666666667,0.222222222,-4.5,0.285,33.5,-13,-6.5,-0.2,2198438
17437,C,5,33,4,10,0.4,0,0,NA,4,10,0.4,3,6,0.5,2,8,10,1,0,0,3,9,11,0.2,2,0,0,1.8,6.6,0.4,,,,,,,1282695
17518,PG,75,2577,423,946,0.447,62,199,0.312,361,747,0.483,191,272,0.702,43,194,237,411,61,7,179,148,1510,5.48,3.16,0.813333333,0.093333333,1.973333333,34.36,0.479915433,15.7,0.516,22.3,0.8,0,1.8,1464325
17519,C,77,2915,605,1310,0.462,99,290,0.341,506,1020,0.496,371,423,0.877,90,580,670,207,92,104,135,216,2253,2.688311688,8.701298701,1.194805195,1.350649351,2.805194805,37.85714286,0.499618321,22.5,0.561,24.5,3.8,0,4.3,19370793
17533,PF,72,2621,373,731,0.51,12,38,0.316,361,693,0.521,256,329,0.778,191,552,743,312,68,86,144,247,1092,4.333333333,10.31944444,0.944444444,1.194444444,3.430555556,36.40277778,0.518467852,19.4,0.579,17.6,2,1,3.4,11971829
17608,C,71,1206,135,290,0.466,0,2,0,135,288,0.469,75,94,0.798,86,194,280,28,17,101,45,150,351,0.394366197,3.943661972,0.23943662,1.422535211,2.112676056,16.98591549,0.465517241,13.6,0.521,14.4,-2.2,0.3,0,9315451
17616,SF,66,2497,383,952,0.402,69,202,0.342,314,750,0.419,187,231,0.81,34,232,266,329,51,22,208,184,1421,4.984848485,4.03030303,0.772727273,0.333333333,2.787878788,37.83333333,0.43855042,12.4,0.485,24.1,-1.4,-1.2,-0.4,22711842
17626,SF,18,262,22,76,0.289,5,28,0.179,17,48,0.354,17,17,1,9,32,41,24,6,0,13,22,135,1.333333333,2.277777778,0.333333333,0,1.222222222,14.55555556,0.322368421,7.3,0.395,16.3,-3.1,-1.3,-0.2,13485409
17631,PG,61,762,64,172,0.372,3,20,0.15,61,152,0.401,40,46,0.87,17,51,68,112,31,4,33,66,222,1.836065574,1.114754098,0.508196721,0.06557377,1.081967213,12.49180328,0.380813953,10.1,0.445,12.9,-2.8,-0.2,-0.2,1605386
17641,SF,21,271,50,106,0.472,9,22,0.409,41,84,0.488,39,47,0.83,9,31,40,9,5,11,33,23,187,0.428571429,1.904761905,0.238095238,0.523809524,1.095238095,12.9047619,0.514150943,15.7,0.584,27.8,-0.8,-0.7,0,9919515
17649,PF,67,1256,173,404,0.428,0,3,0,173,401,0.431,183,225,0.813,110,210,320,69,36,24,112,164,538,1.029850746,4.776119403,0.537313433,0.358208955,2.447761194,18.74626866,0.428217822,15,0.526,22.6,-2.1,1.1,0.3,8408072
17661,PG,82,2016,210,524,0.401,98,273,0.359,112,251,0.446,55,72,0.764,15,155,170,478,30,4,103,92,1098,5.829268293,2.073170732,0.365853659,0.048780488,1.12195122,24.58536585,0.494274809,14.2,0.516,14.8,2,-1.9,1,1284712
17667,PG,4,22,1,3,0.333,1,1,1,0,2,0,1,2,0.5,0,3,3,2,2,0,4,2,4,0.5,0.75,0.5,0,0.5,5.5,0.5,3.1,0.515,16.5,-8,3.2,0,1282695
17695,PF,15,154,16,33,0.485,0,0,NA,16,33,0.485,8,12,0.667,18,21,39,7,4,2,13,29,40,0.466666667,2.6,0.266666667,0.133333333,1.933333333,10.26666667,0.484848485,9.5,0.522,15.8,-4.7,0.7,-0.1,91835
17759,SG,44,708,112,306,0.366,31,86,0.36,81,220,0.368,32,47,0.681,9,49,58,51,26,7,41,89,452,1.159090909,1.318181818,0.590909091,0.159090909,2.022727273,16.09090909,0.416666667,8.6,0.439,23.3,-3.6,-1.2,-0.5,4226534
17760,PF,82,2988,470,1020,0.461,131,325,0.403,339,695,0.488,134,182,0.736,210,598,808,122,93,124,117,247,1787,1.487804878,9.853658537,1.134146341,1.512195122,3.012195122,36.43902439,0.525,18.9,0.548,19.5,2,0.8,3.6,7876088
17785,C,66,773,89,188,0.473,0,1,0,89,187,0.476,41,49,0.837,72,101,173,20,33,74,17,130,222,0.303030303,2.621212121,0.5,1.121212121,1.96969697,11.71212121,0.473404255,15.6,0.523,12.8,-1.5,1.6,0.4,5985914
17807,PF,4,43,3,8,0.375,0,0,NA,3,8,0.375,2,6,0.333,4,7,11,2,0,1,4,5,8,0.5,2.75,0,0.25,1.25,10.75,0.375,3.6,0.376,15.5,-7.3,-3.1,-0.1,1282695
17841,PG,44,905,113,256,0.441,1,4,0.25,112,252,0.444,35,48,0.729,19,62,81,125,26,5,50,73,271,2.840909091,1.840909091,0.590909091,0.113636364,1.659090909,20.56818182,0.443359375,11.1,0.473,17.1,-2.3,0.6,0.1,1829979
17858,SG,82,1849,321,766,0.419,55,171,0.322,266,595,0.447,142,162,0.877,42,101,143,295,51,3,100,84,1187,3.597560976,1.743902439,0.62195122,0.036585366,1.024390244,22.54878049,0.454960836,16.2,0.501,22.2,2,-1.5,1.2,4275653
17950,SG,76,1919,140,313,0.447,6,26,0.231,134,287,0.467,56,93,0.602,111,231,342,182,59,37,126,191,402,2.394736842,4.5,0.776315789,0.486842105,2.513157895,25.25,0.45686901,8.8,0.483,11.4,-2.4,0.1,-0.2,1746313
17957,SG,17,78,1,11,0.091,0,1,0,1,10,0.1,2,2,1,2,6,8,4,2,0,3,12,7,0.235294118,0.470588235,0.117647059,0,0.705882353,4.588235294,0.090909091,-2.3,0.168,8.9,-10,0.5,-0.1,5055959
18003,C,82,2197,270,499,0.541,0,1,0,270,498,0.542,112,174,0.644,194,432,626,21,44,189,86,273,655,0.256097561,7.634146341,0.536585366,2.304878049,3.329268293,26.79268293,0.541082164,16.1,0.566,14.1,-1.3,1.7,1.3,1517275
18044,PF,69,1743,161,360,0.447,0,0,NA,161,360,0.447,96,142,0.676,153,319,472,72,52,96,84,203,418,1.043478261,6.84057971,0.753623188,1.391304348,2.942028986,25.26086957,0.447222222,13.2,0.495,13.9,-2,2.4,1.1,12560158
18045,SG,82,3021,633,1439,0.44,127,363,0.35,506,1076,0.47,383,441,0.868,118,289,407,185,81,6,116,152,2484,2.256097561,4.963414634,0.987804878,0.073170732,1.853658537,36.84146341,0.484016678,19.9,0.544,26.3,3.8,-1.3,3.5,5130783
18116,SG,81,2264,177,381,0.465,4,13,0.308,173,368,0.47,48,61,0.787,68,189,257,133,36,54,46,200,433,1.641975309,3.172839506,0.444444444,0.666666667,2.469135802,27.95061728,0.469816273,8.2,0.498,9.5,-2.2,0.9,0.4,1092307
18160,C,81,1732,147,295,0.498,0,1,0,147,294,0.5,188,262,0.718,117,199,316,77,26,18,79,255,485,0.950617284,3.901234568,0.320987654,0.222222222,3.148148148,21.38271605,0.498305085,11.1,0.587,13.1,-1.7,-0.3,0,2137826
18164,PG,71,2008,339,768,0.441,38,117,0.325,301,651,0.462,181,225,0.804,41,144,185,355,63,5,156,165,1134,5,2.605633803,0.887323944,0.070422535,2.323943662,28.28169014,0.466145833,16.8,0.517,23.7,2,-1.1,1.5,1368209
18217,SG,79,1804,178,383,0.465,76,172,0.442,102,211,0.483,98,116,0.845,21,247,268,109,66,10,44,136,818,1.379746835,3.392405063,0.835443038,0.126582278,1.721518987,22.83544304,0.563968668,13.6,0.611,12.5,0.2,1.9,1.8,1605386
18277,SG,73,2233,394,933,0.422,106,289,0.367,288,644,0.447,144,182,0.791,46,154,200,151,61,12,101,177,1587,2.068493151,2.739726027,0.835616438,0.164383562,2.424657534,30.5890411,0.479099678,13.5,0.512,21.9,0,-1.4,0.3,2052313
18290,PG,81,2838,620,1270,0.488,74,186,0.398,546,1084,0.504,289,331,0.873,44,227,271,592,102,18,220,247,1939,7.308641975,3.345679012,1.259259259,0.222222222,3.049382716,35.03703704,0.517322835,22.8,0.566,27.2,4.1,0.3,4.6,8658197
18320,PG,82,2581,287,764,0.376,161,434,0.371,126,330,0.382,103,134,0.769,26,200,226,372,114,18,128,212,1657,4.536585366,2.756097561,1.390243902,0.219512195,2.585365854,31.47560976,0.481020942,13.7,0.509,17.3,0.2,0.7,1.9,1177821
18341,PG,78,2612,397,845,0.47,104,257,0.405,293,588,0.498,230,251,0.916,59,173,232,687,67,8,209,139,1587,8.807692308,2.974358974,0.858974359,0.102564103,1.782051282,33.48717949,0.531360947,20.5,0.59,19.5,4.7,-2.2,3,9834002
18350,C,12,64,4,10,0.4,0,0,NA,4,10,0.4,4,6,0.667,4,6,10,1,0,3,2,7,12,0.083333333,0.833333333,0,0.25,0.583333333,5.333333333,0.4,7,0.475,10.5,-2.7,0.4,0,391557
18352,PG,43,294,37,98,0.378,10,30,0.333,27,68,0.397,11,14,0.786,7,19,26,38,17,0,26,44,155,0.88372093,0.604651163,0.395348837,0,1.023255814,6.837209302,0.428571429,9,0.456,20.6,-3.8,0.4,-0.1,1428410
18364,SG,56,1411,215,548,0.392,9,38,0.237,206,510,0.404,100,136,0.735,61,129,190,89,65,16,83,107,626,1.589285714,3.392857143,1.160714286,0.285714286,1.910714286,25.19642857,0.400547445,11.1,0.443,21.9,-2.8,-0.1,-0.3,1829979
18366,PG,56,714,80,208,0.385,18,60,0.3,62,148,0.419,41,48,0.854,8,45,53,121,25,6,63,58,345,2.160714286,0.946428571,0.446428571,0.107142857,1.035714286,12.75,0.427884615,10.7,0.478,19,-2,-0.9,-0.2,1530615
18411,SF,22,141,19,56,0.339,0,2,0,19,54,0.352,3,6,0.5,6,9,15,7,6,1,4,9,47,0.318181818,0.681818182,0.272727273,0.045454545,0.409090909,6.409090909,0.339285714,6.2,0.35,20.1,-5.2,-2,-0.2,249161
18425,PF,79,1574,304,602,0.505,0,0,NA,304,602,0.505,144,197,0.731,88,168,256,57,30,20,113,204,752,0.721518987,3.240506329,0.379746835,0.253164557,2.582278481,19.92405063,0.504983389,14.4,0.546,23.8,-1.4,-0.1,0.2,8551306
18428,SF,54,484,37,75,0.493,1,2,0.5,36,73,0.493,21,35,0.6,47,46,93,16,13,8,31,63,99,0.296296296,1.722222222,0.240740741,0.148148148,1.166666667,8.962962963,0.5,8.3,0.531,11.7,-3.9,0.8,-0.1,1391603
18443,SF,37,337,32,89,0.36,0,2,0,32,87,0.368,11,24,0.458,35,39,74,19,14,14,8,37,81,0.513513514,2,0.378378378,0.378378378,1,9.108108108,0.359550562,10.6,0.377,14.4,-2.5,-0.4,-0.1,1569198
18444,SG,82,3331,555,1291,0.43,83,272,0.305,472,1019,0.463,174,232,0.75,80,305,385,362,93,26,199,177,1934,4.414634146,4.695121951,1.134146341,0.317073171,2.158536585,40.62195122,0.462044926,13.9,0.491,21.6,0.1,-1.4,0.6,3164257
18457,C,76,2303,289,613,0.471,0,1,0,289,612,0.472,86,110,0.782,174,350,524,69,51,35,82,254,667,0.907894737,6.894736842,0.671052632,0.460526316,3.342105263,30.30263158,0.471451876,12.1,0.502,15.2,-1.8,-0.2,0,20746577
18459,SF,14,65,7,20,0.35,2,5,0.4,5,15,0.333,0,0,NA,1,6,7,2,2,2,3,10,25,0.142857143,0.5,0.142857143,0.142857143,0.714285714,4.642857143,0.4,4.1,0.4,16.7,-5.7,0.5,-0.1,346055
18466,PG,60,1595,224,524,0.427,4,22,0.182,220,502,0.438,182,224,0.813,38,118,156,267,97,9,102,146,688,4.45,2.6,1.616666667,0.15,2.433333333,26.58333333,0.43129771,17.3,0.509,20.9,-0.2,1.3,1.2,5130783
18513,SF,56,1376,147,373,0.394,2,12,0.167,145,361,0.402,141,169,0.834,115,147,262,96,51,17,73,169,467,1.714285714,4.678571429,0.910714286,0.303571429,3.017857143,24.57142857,0.396782842,12.6,0.488,16.8,-0.9,-0.7,0.1,1092307
18516,PF,7,86,10,23,0.435,0,1,0,10,22,0.455,1,3,0.333,8,8,16,4,1,1,9,9,24,0.571428571,2.285714286,0.142857143,0.142857143,1.285714286,12.28571429,0.434782609,4.6,0.432,17.3,-6.1,-3.1,-0.2,1282695
18555,C,17,328,57,124,0.46,8,40,0.2,49,84,0.583,10,13,0.769,30,49,79,24,8,13,11,47,228,1.411764706,4.647058824,0.470588235,0.764705882,2.764705882,19.29411765,0.491935484,16.8,0.509,19.5,0.7,-0.2,0.2,13987799
18564,SF,82,1951,233,571,0.408,65,186,0.349,168,385,0.436,73,96,0.76,87,245,332,112,81,38,88,189,967,1.365853659,4.048780488,0.987804878,0.463414634,2.304878049,23.79268293,0.46497373,11.5,0.492,16.1,-1.2,0.7,0.8,7774847
18566,C,68,1025,155,328,0.473,0,6,0,155,322,0.481,69,91,0.758,83,133,216,49,12,17,54,129,397,0.720588235,3.176470588,0.176470588,0.25,1.897058824,15.07352941,0.472560976,12.9,0.515,19.4,-2.2,-1.1,-0.3,1605386
18655,SG,72,1244,190,432,0.44,48,138,0.348,142,294,0.483,31,52,0.596,20,77,97,59,33,20,48,109,729,0.819444444,1.347222222,0.458333333,0.277777778,1.513888889,17.27777778,0.49537037,10.4,0.505,18.2,-1.7,-0.5,0,1877251
18687,SG,33,661,49,143,0.343,14,50,0.28,35,93,0.376,5,8,0.625,13,54,67,85,39,6,34,45,225,2.575757576,2.03030303,1.181818182,0.181818182,1.363636364,20.03030303,0.391608392,9,0.399,12.8,-3.4,3.1,0.3,5130783
18707,C,43,925,121,285,0.425,0,0,NA,121,285,0.425,36,61,0.59,78,167,245,24,16,68,54,137,278,0.558139535,5.697674419,0.372093023,1.581395349,3.186046512,21.51162791,0.424561404,11.2,0.446,18.6,-4.6,1,-0.4,8409354
18720,SG,73,2785,608,1457,0.417,93,243,0.383,515,1214,0.424,336,417,0.806,95,254,349,348,88,65,223,212,2095,4.767123288,4.780821918,1.205479452,0.890410959,2.904109589,38.15068493,0.449210707,20,0.501,32.5,3.5,0.2,3.9,19370793
18739,C,62,865,99,190,0.521,0,0,NA,99,190,0.521,63,126,0.5,97,164,261,7,25,51,66,176,261,0.112903226,4.209677419,0.403225806,0.822580645,2.838709677,13.9516129,0.521052632,11.8,0.532,16.3,-4.5,-0.2,-0.6,9707598
18746,PF,3,17,1,10,0.1,0,0,NA,1,10,0.1,1,2,0.5,3,2,5,0,2,0,1,2,3,0,1.666666667,0.666666667,0,0.666666667,5.666666667,0.1,-4.3,0.138,32.8,-10.9,-4.7,-0.1,346341
18750,C,7,40,4,7,0.571,0,0,NA,4,7,0.571,0,0,NA,5,3,8,1,1,0,2,10,8,0.142857143,1.142857143,0.142857143,0,1.428571429,5.714285714,0.571428571,7.2,0.571,10.9,-5.6,0.3,0,1088887
18751,C,44,572,59,130,0.454,0,0,NA,59,130,0.454,19,35,0.543,54,113,167,17,6,46,21,68,137,0.386363636,3.795454545,0.136363636,1.045454545,1.545454545,13,0.453846154,13,0.471,13.4,-2.3,1.2,0.1,7525149
18769,PF,74,2239,288,589,0.489,1,2,0.5,287,587,0.489,228,334,0.683,178,372,550,112,66,52,140,144,808,1.513513514,7.432432432,0.891891892,0.702702703,1.945945946,30.25675676,0.489813243,15.7,0.547,17.3,0,-0.5,0.8,7272167
18782,C,35,442,67,141,0.475,0,5,0,67,136,0.493,21,28,0.75,31,70,101,20,16,16,17,64,170,0.571428571,2.885714286,0.457142857,0.457142857,1.828571429,12.62857143,0.475177305,14,0.505,17.3,-2.1,0.9,0.1,1544981
18844,SG,33,509,70,184,0.38,20,66,0.303,50,118,0.424,37,44,0.841,16,43,59,28,27,7,17,46,335,0.848484848,1.787878788,0.818181818,0.212121212,1.393939394,15.42424242,0.434782609,13.2,0.484,19,-0.7,0.4,0.2,5002514
18877,SG,22,165,21,60,0.35,4,12,0.333,17,48,0.354,7,14,0.5,10,15,25,14,7,1,11,20,77,0.636363636,1.136363636,0.318181818,0.045454545,0.909090909,7.5,0.383333333,7.8,0.401,21.9,-4.4,-0.7,-0.1,964038
18886,SG,67,2675,653,1566,0.417,174,513,0.339,479,1053,0.455,398,500,0.796,95,307,402,370,93,42,179,129,2895,5.52238806,6,1.388059701,0.626865672,1.925373134,39.92537313,0.472541507,25.3,0.526,33.2,7.6,-1.2,5.7,22711842
18888,PF,77,2321,345,812,0.425,140,377,0.371,205,435,0.471,95,127,0.748,104,302,406,142,80,42,109,187,1636,1.844155844,5.272727273,1.038961039,0.545454545,2.428571429,30.14285714,0.511083744,15.1,0.533,19.5,1.6,-0.8,1.6,1284712
18891,C,25,147,5,12,0.417,0,0,NA,5,12,0.417,3,4,0.75,8,21,29,0,2,10,3,34,13,0,1.16,0.08,0.4,1.36,5.88,0.416666667,4.2,0.472,5.1,-6.3,1.1,-0.1,7661970
18895,PF,22,598,71,171,0.415,0,1,0,71,170,0.418,64,81,0.79,45,81,126,18,12,6,24,45,209,0.818181818,5.727272727,0.545454545,0.272727273,2.045454545,27.18181818,0.415204678,13.2,0.498,18.1,-0.9,-1.2,0,6670019
18914,SF,81,3264,665,1386,0.48,240,554,0.433,425,832,0.511,394,425,0.927,91,417,508,173,108,14,153,159,2906,2.135802469,6.271604938,1.333333333,0.172839506,1.962962963,40.2962963,0.566378066,21.8,0.624,23.9,5.2,-1.3,4.9,10689133
18929,SG,56,1730,201,496,0.405,26,89,0.292,175,407,0.43,66,85,0.776,18,132,150,224,55,10,78,114,683,4,2.678571429,0.982142857,0.178571429,2.035714286,30.89285714,0.431451613,11.4,0.463,17.1,-2.4,0.6,0,9406437
18931,PF,42,927,126,268,0.47,0,0,NA,126,268,0.47,38,69,0.551,70,187,257,36,37,24,57,117,290,0.857142857,6.119047619,0.880952381,0.571428571,2.785714286,22.07142857,0.470149254,12.6,0.486,17.6,-2.5,0.3,-0.1,23088527
18948,SF,79,1947,242,543,0.446,65,186,0.349,177,357,0.496,120,164,0.732,102,201,303,101,101,58,56,187,1032,1.278481013,3.835443038,1.278481013,0.734177215,2.367088608,24.64556962,0.505524862,15.3,0.544,15.5,1.1,1.5,2.3,4332844
18954,PF,57,780,147,327,0.45,0,3,0,147,324,0.454,47,58,0.81,64,79,143,38,15,8,45,93,350,0.666666667,2.50877193,0.263157895,0.140350877,1.631578947,13.68421053,0.449541284,,,,,,,1282695
18957,PF,71,1580,251,542,0.463,18,48,0.375,233,494,0.472,162,209,0.775,160,261,421,69,36,63,101,138,772,0.971830986,5.929577465,0.507042254,0.887323944,1.943661972,22.25352113,0.479704797,18.3,0.538,21.7,1,0.6,1.4,1881287
18967,C,31,168,26,70,0.371,0,3,0,26,67,0.388,12,20,0.6,11,20,31,11,2,6,7,25,73,0.35483871,1,0.064516129,0.193548387,0.806451613,5.419354839,0.371428571,9.2,0.406,23.1,-5.4,-2.2,-0.2,1092307
18983,PG,81,2196,272,657,0.414,106,281,0.377,166,376,0.441,103,127,0.811,28,206,234,339,96,3,124,156,1278,4.185185185,2.888888889,1.185185185,0.037037037,1.925925926,27.11111111,0.494672755,14.4,0.528,17.4,0,0.2,1.2,1092307
19033,PF,69,1409,207,505,0.41,50,152,0.329,157,353,0.445,75,98,0.765,100,207,307,137,59,27,98,183,845,1.985507246,4.449275362,0.855072464,0.391304348,2.652173913,20.42028986,0.459405941,14.2,0.492,21.5,-1,0.7,0.6,5260079
19038,SG,80,1663,202,485,0.416,21,79,0.266,181,406,0.446,171,226,0.757,100,226,326,233,62,14,105,158,770,2.9125,4.075,0.775,0.175,1.975,20.7875,0.43814433,16.2,0.51,19,0.6,0.5,1.3,10717636
19040,C,17,172,25,47,0.532,0,0,NA,25,47,0.532,18,27,0.667,22,33,55,6,3,4,10,32,68,0.352941176,3.235294118,0.176470588,0.235294118,1.882352941,10.11764706,0.531914894,17.1,0.577,18.6,-0.4,-1.6,0,627547
19047,SG,9,86,9,28,0.321,2,9,0.222,7,19,0.368,6,8,0.75,5,8,13,2,6,0,1,6,47,0.222222222,1.444444444,0.666666667,0,0.666666667,9.555555556,0.357142857,11.6,0.412,17.1,-1.9,0.5,0,55369
19053,SF,73,2714,468,1112,0.421,75,242,0.31,393,870,0.452,322,439,0.733,100,285,385,272,152,50,202,194,1834,3.726027397,5.273972603,2.082191781,0.684931507,2.657534247,37.17808219,0.454586331,18.2,0.511,26.2,1.6,1.9,3.8,9361429
19064,SG,19,133,5,18,0.278,1,2,0.5,4,16,0.25,0,4,0,1,18,19,10,7,2,3,17,14,0.526315789,1,0.368421053,0.105263158,0.894736842,7,0.305555556,4.5,0.278,8.2,-6.3,4.4,0,1284712
19068,SG,71,929,119,293,0.406,43,107,0.402,76,186,0.409,77,83,0.928,27,54,81,56,15,6,42,91,550,0.788732394,1.14084507,0.211267606,0.084507042,1.281690141,13.08450704,0.479522184,11.8,0.543,18.3,-0.5,-1.5,0,1829979
19079,SG,56,434,65,175,0.371,19,52,0.365,46,123,0.374,2,4,0.5,12,31,43,14,12,2,24,49,250,0.25,0.767857143,0.214285714,0.035714286,0.875,7.75,0.425714286,5.5,0.427,21.7,-5.5,-2,-0.6,1702821
19117,PG,71,1512,187,398,0.47,42,116,0.362,145,282,0.514,155,184,0.842,23,119,142,298,45,6,61,64,793,4.197183099,2,0.633802817,0.084507042,0.901408451,21.29577465,0.522613065,19.7,0.596,16.5,3.9,-1,1.9,3762574
19167,C,16,258,22,56,0.393,0,1,0,22,55,0.4,14,18,0.778,13,41,54,15,4,14,18,40,61,0.9375,3.375,0.25,0.875,2.5,16.125,0.392857143,7.9,0.454,14.8,-4.4,1.4,-0.1,2030490
19193,PG,43,571,79,196,0.403,29,66,0.439,50,130,0.385,44,51,0.863,13,58,71,90,26,2,54,63,342,2.093023256,1.651162791,0.604651163,0.046511628,1.465116279,13.27906977,0.477040816,14,0.529,21.6,-0.1,0,0.3,2565391
19231,PF,69,928,86,218,0.394,10,41,0.244,76,177,0.429,58,70,0.829,42,131,173,65,21,14,42,113,333,0.942028986,2.507246377,0.304347826,0.202898551,1.637681159,13.44927536,0.417431193,9.5,0.482,14.7,-3.2,0.7,-0.1,1368209
19252,PG,26,145,17,36,0.472,6,10,0.6,11,26,0.423,10,12,0.833,3,13,16,17,3,0,7,15,62,0.653846154,0.615384615,0.115384615,0,0.576923077,5.576923077,0.555555556,14.4,0.606,15.9,0.4,1.2,0.1,1092307
19254,SG,71,1478,247,637,0.388,59,198,0.298,188,439,0.428,111,139,0.799,30,118,148,137,82,4,104,111,1081,1.929577465,2.084507042,1.154929577,0.056338028,1.563380282,20.81690141,0.434065934,13.5,0.476,24,-1,-0.4,0.2,2155544
19290,C,72,1029,140,322,0.435,0,0,NA,140,322,0.435,45,52,0.865,88,177,265,44,23,36,48,142,325,0.611111111,3.680555556,0.319444444,0.5,1.972222222,14.29166667,0.434782609,12.4,0.471,17.4,-2.3,0.1,0,2633802
19302,PG,16,172,20,67,0.299,6,26,0.231,14,41,0.341,9,9,1,2,5,7,23,2,1,7,23,115,1.4375,0.4375,0.125,0.0625,1.4375,10.75,0.343283582,6.1,0.388,21.4,-5,-2.2,-0.2,1282695
19360,SF,71,1886,231,598,0.386,35,127,0.276,196,471,0.416,215,283,0.76,65,221,286,120,70,9,88,180,988,1.690140845,4.028169014,0.985915493,0.126760563,2.535211268,26.56338028,0.415551839,12.5,0.493,19.3,-1.8,-0.3,0,9474847
19409,PF,73,976,133,273,0.487,0,0,NA,133,273,0.487,71,88,0.807,91,134,225,48,42,12,43,126,337,0.657534247,3.082191781,0.575342466,0.164383562,1.726027397,13.36986301,0.487179487,14.6,0.541,16.4,-0.8,-0.4,0.2,627547
19420,PG,82,2966,295,715,0.413,2,18,0.111,293,697,0.42,252,316,0.797,62,219,281,563,97,6,187,213,892,6.865853659,3.426829268,1.182926829,0.073170732,2.597560976,36.17073171,0.413986014,13.5,0.494,16.5,-1,-0.3,0.5,7696175
19473,C,72,1337,172,342,0.503,1,3,0.333,171,339,0.504,105,155,0.677,101,193,294,81,34,46,89,187,456,1.125,4.083333333,0.472222222,0.638888889,2.597222222,18.56944444,0.504385965,13.2,0.549,17.5,-2.4,0.8,0.1,5002514
19550,SG,59,1803,215,427,0.504,114,252,0.452,101,175,0.577,91,110,0.827,21,183,204,342,85,16,139,121,1049,5.796610169,3.457627119,1.440677966,0.271186441,2.050847458,30.55932203,0.637002342,18.3,0.668,15.8,3.2,0.1,2.4,9235410
19571,SG,72,1872,363,850,0.427,22,69,0.319,341,781,0.437,138,183,0.754,78,182,260,139,91,19,161,197,1027,1.930555556,3.611111111,1.263888889,0.263888889,2.736111111,26,0.44,13,0.476,26.5,-2.5,-0.5,-0.4,11971829
19581,PF,69,2527,592,1181,0.501,2,12,0.167,590,1169,0.505,352,588,0.599,227,632,859,213,62,185,183,164,1568,3.086956522,12.44927536,0.898550725,2.68115942,2.376811594,36.62318841,0.50211685,27.1,0.534,29.7,5.2,3.3,6.7,21679485
19586,SF,80,2931,535,1229,0.435,145,386,0.376,390,843,0.463,206,270,0.763,133,385,518,175,99,54,135,233,2144,2.1875,6.475,1.2375,0.675,2.9125,36.6375,0.494304312,17.5,0.527,23.4,2.1,-1.2,2.2,11994040
19591,PF,54,1313,208,432,0.481,1,3,0.333,207,429,0.483,114,157,0.726,112,168,280,66,29,32,77,160,537,1.222222222,5.185185185,0.537037037,0.592592593,2.962962963,24.31481481,0.482638889,14.8,0.53,20.1,-1,-1.1,0,23088527
19603,PG,29,503,80,207,0.386,31,77,0.403,49,130,0.377,27,33,0.818,4,31,35,70,7,0,34,32,356,2.413793103,1.206896552,0.24137931,0,1.103448276,17.34482759,0.461352657,12.5,0.492,23.9,0.1,-2.1,0,3591548
19609,C,71,942,145,287,0.505,2,5,0.4,143,282,0.507,70,128,0.547,106,156,262,43,39,37,62,161,371,0.605633803,3.690140845,0.549295775,0.521126761,2.267605634,13.26760563,0.508710801,16.2,0.527,19.6,-1.8,0.4,0.1,1410965
19623,PF,4,20,1,2,0.5,0,0,NA,1,2,0.5,0,1,0,0,3,3,0,1,0,3,8,2,0,0.75,0.25,0,2,5,0.5,-9,0.41,11.9,-16.9,1.5,-0.1,1284712
19639,C,34,159,17,65,0.262,0,1,0,17,64,0.266,14,24,0.583,11,32,43,7,7,15,13,33,51,0.205882353,1.264705882,0.205882353,0.441176471,0.970588235,4.676470588,0.261538462,,,,,,,6149757
19682,SF,7,32,5,12,0.417,3,8,0.375,2,4,0.5,0,2,0,0,4,4,1,0,0,1,0,28,0.142857143,0.571428571,0,0,0,4.571428571,0.541666667,11.3,0.505,20.5,4.1,-2.7,0,1282695
19707,PF,77,2504,334,630,0.53,0,2,0,334,628,0.532,240,352,0.682,154,349,503,168,116,41,183,280,914,2.181818182,6.532467532,1.506493506,0.532467532,3.636363636,32.51948052,0.53015873,14.8,0.578,17,-0.9,0.7,1.1,3596405
19711,PF,73,2154,417,840,0.496,1,1,1,416,839,0.496,235,350,0.671,143,308,451,68,24,83,177,258,1070,0.931506849,6.178082192,0.328767123,1.136986301,3.534246575,29.50684932,0.49702381,14.8,0.538,24.3,-1.7,-1.1,-0.5,5267878
19739,SF,82,2995,624,1465,0.426,69,214,0.322,555,1251,0.444,408,525,0.777,183,315,498,227,97,41,247,225,2160,2.768292683,6.073170732,1.182926829,0.5,2.743902439,36.52439024,0.449488055,17.6,0.509,28.5,1.6,-1.6,1.6,5522775
19741,SG,81,1508,123,311,0.395,27,89,0.303,96,222,0.432,124,149,0.832,25,101,126,173,65,18,73,132,583,2.135802469,1.555555556,0.802469136,0.222222222,1.62962963,18.61728395,0.438906752,11.8,0.527,14.1,-1.7,1.9,0.8,2575653
19748,SF,41,507,46,130,0.354,9,30,0.3,37,100,0.37,22,27,0.815,30,40,70,19,10,9,15,67,186,0.463414634,1.707317073,0.243902439,0.219512195,1.634146341,12.36585366,0.388461538,7.2,0.433,14.1,-3.8,-2.4,-0.5,627547
19793,SG,60,1188,161,449,0.359,51,136,0.375,110,313,0.351,36,45,0.8,28,110,138,148,65,4,63,92,664,2.466666667,2.3,1.083333333,0.066666667,1.533333333,19.8,0.415367483,12,0.436,19.8,-1,-0.3,0.2,1282695
19811,SF,46,738,134,350,0.383,2,17,0.118,132,333,0.396,90,120,0.75,61,141,202,43,16,8,51,97,405,0.934782609,4.391304348,0.347826087,0.173913043,2.108695652,16.04347826,0.385714286,13.4,0.447,27.5,-2.7,-1.7,-0.5,6374133
19835,SF,79,3217,590,1341,0.44,90,265,0.34,500,1076,0.465,228,268,0.851,212,525,737,214,167,104,156,203,2023,2.708860759,9.329113924,2.113924051,1.316455696,2.569620253,40.72151899,0.473527218,19.9,0.513,22.7,3,0.6,4.6,18744463
19847,PG,79,3194,450,1117,0.403,73,250,0.292,377,867,0.435,337,435,0.775,116,317,433,493,139,35,294,257,1841,6.240506329,5.481012658,1.759493671,0.443037975,3.253164557,40.43037975,0.435541629,15.8,0.501,24,0.5,0.9,2.7,18744463
19848,PG,81,1669,172,464,0.371,26,106,0.245,146,358,0.408,90,138,0.652,49,129,178,402,91,19,146,175,700,4.962962963,2.197530864,1.12345679,0.234567901,2.160493827,20.60493827,0.398706897,12.8,0.438,18.1,-1.3,0.3,0.4,2285764
19863,C,1,3,0,1,0,0,0,NA,0,1,0,0,0,NA,0,0,0,0,0,0,0,1,0,0,0,0,0,1,3,0,,,,,,,1282695
19865,PG,66,847,80,217,0.369,20,58,0.345,60,159,0.377,54,71,0.761,10,55,65,121,44,5,64,51,348,1.833333333,0.984848485,0.666666667,0.075757576,0.772727273,12.83333333,0.414746544,10.9,0.471,17.3,-1.9,0.8,0.2,5985914
19867,PF,56,1207,211,471,0.448,44,113,0.389,167,358,0.466,103,119,0.866,58,117,175,45,37,20,55,131,776,0.803571429,3.125,0.660714286,0.357142857,2.339285714,21.55357143,0.494692144,15.8,0.544,21.8,0.5,-2,0.1,5130783
19883,SG,78,2936,563,1284,0.438,77,273,0.282,486,1011,0.481,258,377,0.684,124,400,524,226,86,41,196,182,2049,2.897435897,6.717948718,1.102564103,0.525641026,2.333333333,37.64102564,0.468457944,16.8,0.504,25.8,1.1,-0.6,1.9,4770397
19947,PF,5,10,0,2,0,0,0,NA,0,2,0,0,0,NA,1,0,1,0,0,0,0,2,0,0,0.2,0,0,0.4,2,0,-7.8,0,9.2,-9.8,-4.7,0,1829979
19973,PF,80,3003,485,1127,0.43,61,205,0.298,424,922,0.46,340,458,0.742,160,616,776,327,85,71,236,273,1803,4.0875,9.7,1.0625,0.8875,3.4125,37.5375,0.457409051,18.5,0.516,24.5,1.7,1.2,3.8,17040352
