ID,Pos,G,GS,MP,FG,FGA,FG%,3P,3PA,3P%,2P,2PA,2P%,eFG%,FT,FTA,FT%,ORB,DRB,TRB,AST,STL,BLK,TOV,PF,PTS,SALARY
10030,SF,59,10,981,114,285,0.4,33,102,0.324,81,183,0.443,0.458,74,94,0.787,25,132,157,55,43,27,61,96,335,3083312.4
10040,C,81,81,2541,444,869,0.511,40,115,0.348,404,754,0.536,0.534,245,303,0.809,139,450,589,106,74,172,105,262,1173,3276907.2
10150,PG,70,42,2029,338,703,0.481,137,322,0.425,201,381,0.528,0.578,85,100,0.85,25,154,179,189,79,7,92,126,898,3854340
10184,C,65,48,1391,271,534,0.507,0,1,0,271,533,0.508,0.507,120,210,0.571,154,313,467,123,50,74,143,161,662,2555355.6
10194,PF,76,76,2471,272,650,0.418,81,263,0.308,191,387,0.494,0.481,151,213,0.709,98,501,599,533,154,106,184,217,776,20389478.55
10203,PF,50,11,804,108,244,0.443,30,97,0.309,78,147,0.531,0.504,58,89,0.652,19,111,130,28,14,7,28,60,304,153407.52
10216,PG,60,60,2244,426,918,0.464,193,468,0.412,233,450,0.518,0.569,299,365,0.819,48,238,286,417,88,19,173,170,1344,15960000
10258,SG,71,20,1074,106,245,0.433,41,123,0.333,65,122,0.533,0.516,29,37,0.784,21,79,100,77,32,15,36,62,282,722816.43
10278,PG,55,41,1406,208,551,0.377,56,178,0.315,152,373,0.408,0.428,131,167,0.784,29,149,178,217,41,13,123,95,603,4311594
10293,PF,66,65,2164,443,985,0.45,112,314,0.357,331,671,0.493,0.507,198,252,0.786,111,364,475,97,47,129,118,244,1196,5742567.6
10318,PF,17,0,199,36,76,0.474,0,0,,36,76,0.474,0.474,15,21,0.714,23,50,73,4,4,7,7,17,87,722816.43
10385,PF,73,33,1283,146,327,0.446,20,81,0.247,126,246,0.512,0.477,26,35,0.743,46,112,158,170,18,9,87,83,338,9310000
10412,SG,71,66,1914,274,595,0.461,15,54,0.278,259,541,0.479,0.473,80,130,0.615,166,225,391,98,115,29,100,178,643,7322471.94
10472,PF,71,43,1754,305,591,0.516,25,78,0.321,280,513,0.546,0.537,74,110,0.673,143,428,571,138,75,28,127,152,709,12302500
10538,SF,82,26,1972,204,451,0.452,123,279,0.441,81,172,0.471,0.589,50,68,0.735,23,238,261,225,96,8,107,163,581,2859500
10548,SG,20,2,397,47,81,0.58,1,5,0.2,46,76,0.605,0.586,25,39,0.641,17,46,63,14,13,7,11,36,120,97792.24
10554,SG,78,78,2730,606,1431,0.423,147,405,0.363,459,1026,0.447,0.475,367,441,0.832,46,203,249,268,72,21,241,242,1726,2957388
10563,PG,63,63,1587,265,569,0.466,23,69,0.333,242,500,0.484,0.486,85,117,0.726,9,104,113,285,34,2,89,92,638,19212266.29
10617,SF,73,15,1799,193,490,0.394,112,296,0.378,81,194,0.418,0.508,88,115,0.765,36,191,227,133,60,36,50,163,586,5671195.81
10645,SG,39,0,592,63,173,0.364,25,94,0.266,38,79,0.481,0.436,30,33,0.909,6,44,50,37,22,1,21,35,181,1350875.68
10681,C,58,39,1123,159,309,0.515,0,1,0,159,308,0.516,0.515,74,107,0.692,92,203,295,57,29,78,52,151,392,16648415.98
10685,C,80,80,2066,391,702,0.557,1,2,0.5,390,700,0.557,0.558,176,217,0.811,226,533,759,57,37,63,106,216,959,19128090.59
10709,C,71,62,1419,216,392,0.551,0,1,0,216,391,0.552,0.551,38,62,0.613,118,285,403,47,36,48,61,172,470,10701845
10711,SG,59,55,1593,272,666,0.408,114,307,0.371,158,359,0.44,0.494,90,115,0.783,16,186,202,96,38,11,65,132,748,1870671.6
10754,C,75,55,2163,483,1031,0.468,23,75,0.307,460,956,0.481,0.48,107,160,0.669,176,603,779,208,76,74,117,180,1096,15627500
10984,SG,77,74,2459,321,704,0.456,108,269,0.401,213,435,0.49,0.533,85,98,0.867,53,206,259,179,81,24,69,141,835,14951860
10985,PG,49,49,1544,289,606,0.477,94,233,0.403,195,373,0.523,0.554,157,196,0.801,23,144,167,204,50,11,85,114,829,10640000
10987,C,77,3,1333,194,377,0.515,21,74,0.284,173,303,0.571,0.542,107,141,0.759,93,213,306,49,61,39,34,135,516,11138750
11028,SG,82,55,1888,327,767,0.426,148,379,0.391,179,388,0.461,0.523,64,76,0.842,35,234,269,121,38,9,101,115,866,4677876
11046,PF,79,79,2803,599,1280,0.468,78,222,0.351,521,1058,0.492,0.498,242,281,0.861,93,301,394,116,65,15,102,128,1518,29415277.5
11059,C,51,5,525,78,158,0.494,0,1,0,78,157,0.497,0.494,22,39,0.564,43,81,124,42,7,21,20,61,178,10640000
11077,C,75,6,1538,260,508,0.512,68,192,0.354,192,316,0.608,0.579,90,123,0.732,73,288,361,148,43,29,96,207,678,4115038.62
11148,SG,73,22,1820,283,619,0.457,77,208,0.37,206,411,0.501,0.519,57,74,0.77,33,119,152,164,50,32,62,131,700,10748212.79
11164,SG,61,27,1176,180,419,0.43,65,170,0.382,115,249,0.462,0.507,70,93,0.753,19,110,129,51,29,6,62,108,495,5331813.06
11203,SG,62,19,777,55,142,0.387,17,46,0.37,38,96,0.396,0.447,25,40,0.625,20,88,108,54,47,14,42,81,152,1350875.68
11232,PF,48,1,560,105,196,0.536,0,1,0,105,195,0.538,0.536,31,66,0.47,84,139,223,31,26,9,46,76,241,1303973.23
11257,PG,65,35,1525,163,404,0.403,40,128,0.313,123,276,0.446,0.453,98,129,0.76,34,139,173,335,56,6,101,133,464,2779700
11263,C,31,0,555,65,111,0.586,0,0,,65,111,0.586,0.586,43,75,0.573,47,103,150,19,33,24,34,90,173,21205724.82
11312,SG,72,41,1667,234,553,0.423,61,173,0.353,173,380,0.455,0.478,133,165,0.806,34,151,185,112,40,15,62,129,662,11970000
11324,SG,49,7,714,98,252,0.389,41,133,0.308,57,119,0.479,0.47,34,37,0.919,12,19,31,25,24,2,6,44,271,4639040
11332,C,62,58,1725,253,443,0.571,0,1,0,253,442,0.572,0.571,133,196,0.679,135,270,405,99,62,58,65,189,639,7073356.29
11346,PF,65,8,1599,154,384,0.401,94,253,0.372,60,131,0.458,0.523,43,60,0.717,62,231,293,76,40,23,38,120,445,8046500
11361,C,75,2,1163,143,279,0.513,0,0,,143,279,0.513,0.513,79,94,0.84,111,222,333,32,17,39,50,166,365,8645000
11385,PG,63,60,1811,351,867,0.405,135,384,0.352,216,483,0.447,0.483,147,188,0.782,31,190,221,303,87,16,176,130,984,7092624
11441,PF,32,4,331,39,86,0.453,1,7,0.143,38,79,0.481,0.459,19,26,0.731,22,42,64,8,15,8,12,30,98,722816.43
11556,SF,35,1,249,26,89,0.292,13,51,0.255,13,38,0.342,0.365,13,17,0.765,6,18,24,11,9,3,11,22,78,798000
11561,C,76,37,1330,161,259,0.622,0,0,,161,259,0.622,0.622,65,93,0.699,129,367,496,44,37,61,61,180,387,3854340
11583,C,65,59,1551,362,563,0.643,0,0,,362,563,0.643,0.643,94,177,0.531,178,348,526,63,34,79,87,179,818,1723999.2
11598,PF,69,67,2343,430,972,0.442,75,241,0.311,355,731,0.486,0.481,311,405,0.768,111,422,533,252,90,62,158,186,1246,26695803.89
11608,C,48,13,682,80,147,0.544,0,0,,80,147,0.544,0.544,61,75,0.813,54,98,152,21,8,46,32,100,221,6650000
11611,PF,81,66,1632,192,481,0.399,51,159,0.321,141,322,0.438,0.452,44,67,0.657,46,242,288,82,39,32,83,200,479,3245466
11613,SG,78,78,2649,644,1376,0.468,268,647,0.414,376,729,0.516,0.565,186,218,0.853,49,236,285,160,66,40,128,139,1742,22162554.75
11665,SF,25,7,277,28,70,0.4,15,43,0.349,13,27,0.481,0.507,10,13,0.769,1,47,48,10,4,5,16,40,81,4692133.6
11672,SF,44,18,843,88,221,0.398,33,99,0.333,55,122,0.451,0.473,31,40,0.775,15,110,125,36,15,16,40,78,240,997500
11705,SF,74,18,1777,185,473,0.391,87,263,0.331,98,210,0.467,0.483,70,89,0.787,70,314,384,195,48,26,107,185,527,322157.92
11707,C,70,3,1237,170,337,0.504,46,110,0.418,124,227,0.546,0.573,49,64,0.766,76,164,240,95,30,41,55,97,435,1350875.68
11742,SF,48,2,381,44,92,0.478,31,66,0.47,13,26,0.5,0.647,13,20,0.65,3,34,37,14,6,10,10,37,132,1303973.23
11759,C,73,11,905,88,137,0.642,1,3,0.333,87,134,0.649,0.646,36,61,0.59,97,211,308,14,32,61,40,152,213,1163265.88
11834,PG,59,18,1334,134,302,0.444,38,101,0.376,96,201,0.478,0.507,126,159,0.792,27,137,164,185,44,23,66,119,432,966473.76
11841,C,82,82,3030,802,1480,0.542,101,275,0.367,701,1205,0.582,0.576,356,428,0.832,296,711,1007,220,56,103,212,241,2061,7927012.8
11904,SF,65,12,1658,235,552,0.426,31,118,0.263,204,434,0.47,0.454,85,103,0.825,36,211,247,205,53,24,100,121,586,21803279.19
11947,SF,30,16,557,73,167,0.437,18,62,0.29,55,105,0.524,0.491,21,32,0.656,15,54,69,25,27,10,32,60,185,102044.25
11955,PF,78,71,1989,365,709,0.515,3,13,0.231,362,696,0.52,0.517,113,158,0.715,158,327,485,73,41,65,105,163,846,11903500
11959,PG,64,1,973,77,223,0.345,12,63,0.19,65,160,0.406,0.372,17,31,0.548,19,68,87,130,28,7,43,79,183,722816.43
12036,PF,77,75,2101,250,500,0.5,55,145,0.379,195,355,0.549,0.555,134,167,0.802,167,377,544,84,47,34,94,248,689,1303973.23
12084,PG,26,0,299,40,98,0.408,16,47,0.34,24,51,0.471,0.49,41,43,0.953,6,26,32,34,9,2,19,39,137,191333.8
12085,SG,30,3,287,30,75,0.4,7,30,0.233,23,45,0.511,0.447,23,27,0.852,4,30,34,15,8,2,5,17,90,722816.43
12095,C,45,12,484,44,92,0.478,0,0,,44,92,0.478,0.478,25,39,0.641,38,57,95,21,18,13,30,73,113,16625000
12111,PF,65,9,1477,155,351,0.442,90,230,0.391,65,121,0.537,0.57,61,82,0.744,51,186,237,77,34,20,56,109,461,10640000
12116,SF,79,79,2565,421,1007,0.418,118,357,0.331,303,650,0.466,0.477,145,185,0.784,77,289,366,160,52,25,87,168,1105,6151250
12131,SG,75,28,1982,290,635,0.457,78,193,0.404,212,442,0.48,0.518,109,126,0.865,47,166,213,317,84,12,113,140,767,1230250
12153,SG,69,40,1284,118,325,0.363,67,203,0.33,51,122,0.418,0.466,54,63,0.857,9,146,155,135,35,9,80,99,357,3325000
12162,PF,74,12,1222,146,378,0.386,74,213,0.347,72,165,0.436,0.484,35,40,0.875,27,210,237,71,13,28,35,172,401,12253932.39
12207,C,75,16,1954,320,802,0.399,116,354,0.328,204,448,0.455,0.471,118,156,0.756,57,279,336,162,46,34,76,139,874,3630900
12210,SF,81,21,2236,199,482,0.413,70,196,0.357,129,286,0.451,0.485,72,93,0.774,117,354,471,99,116,19,66,196,540,7049000
12212,SG,78,8,1392,177,421,0.42,30,102,0.294,147,319,0.461,0.456,99,132,0.75,20,140,160,126,47,25,76,146,483,1163265.88
12224,C,79,8,1229,215,413,0.521,2,17,0.118,213,396,0.538,0.523,64,83,0.771,157,282,439,117,36,104,76,174,496,5211937.5
12265,C,72,22,1324,246,465,0.529,4,15,0.267,242,450,0.538,0.533,91,125,0.728,170,332,502,96,41,36,100,150,587,1795500
12285,SG,53,34,1614,202,513,0.394,75,227,0.33,127,286,0.444,0.467,60,77,0.779,35,133,168,140,60,39,65,132,539,1163265.88
12312,PG,75,39,2045,268,604,0.444,106,273,0.388,162,331,0.489,0.531,45,63,0.714,28,164,192,385,54,8,128,197,687,6038898.25
12329,PF,38,1,558,70,170,0.412,37,90,0.411,33,80,0.413,0.521,45,60,0.75,20,95,115,18,14,15,21,67,222,2380822.36
12338,SF,79,13,1614,153,343,0.446,62,186,0.333,91,157,0.58,0.536,80,108,0.741,28,175,203,78,26,10,52,153,448,3325000
12362,SG,42,0,653,99,248,0.399,25,76,0.329,74,172,0.43,0.45,60,78,0.769,17,103,120,30,18,5,35,50,283,13505478.35
12377,PF,76,5,2085,368,769,0.479,87,256,0.34,281,513,0.548,0.535,152,215,0.707,66,310,376,276,76,86,171,197,975,5320000
12420,PG,45,19,846,112,306,0.366,15,64,0.234,97,242,0.401,0.391,58,77,0.753,24,129,153,113,38,23,66,102,297,4234089.58
12431,SG,57,0,976,102,288,0.354,73,208,0.351,29,80,0.363,0.481,14,18,0.778,11,140,151,63,30,7,49,86,291,2782626
12449,SF,72,14,1020,93,209,0.445,15,40,0.375,78,169,0.462,0.481,45,57,0.789,33,175,208,91,51,26,39,63,246,1585466.4
12462,PG,81,81,2802,824,1941,0.425,200,583,0.343,624,1358,0.459,0.476,710,840,0.845,137,727,864,840,132,31,438,190,2558,35298333
12469,PG,46,29,1197,160,394,0.406,68,176,0.386,92,218,0.422,0.492,74,89,0.831,20,91,111,172,42,9,70,90,462,276371.34
12503,SF,63,63,2134,335,750,0.447,126,324,0.389,209,426,0.491,0.531,349,387,0.902,39,286,325,135,40,15,82,93,1145,20016500
12506,SG,74,0,1778,264,615,0.429,102,283,0.36,162,332,0.488,0.512,150,168,0.893,14,164,178,147,44,9,70,90,780,8423332.89
12510,PG,81,81,2947,674,1533,0.44,262,756,0.347,412,777,0.53,0.525,746,881,0.847,95,564,659,907,121,38,464,215,2356,35298333
12566,PG,72,72,2525,671,1420,0.473,177,441,0.401,494,979,0.505,0.535,297,328,0.905,52,178,230,418,83,24,180,157,1816,23458623.79
12588,PG,53,2,588,90,208,0.433,27,70,0.386,63,138,0.457,0.498,21,25,0.84,9,36,45,86,25,2,45,58,228,2306060.4
12756,SF,82,82,3048,709,1570,0.452,103,289,0.356,606,1281,0.473,0.484,412,542,0.76,102,226,328,189,82,30,187,183,1933,7988778
12757,PF,82,75,1743,284,632,0.449,72,224,0.321,212,408,0.52,0.506,113,181,0.624,96,252,348,60,67,70,108,263,753,3912115.2
12759,SG,22,0,198,28,68,0.412,8,28,0.286,20,40,0.5,0.471,15,19,0.789,3,20,23,11,5,1,8,23,79,1914934
12887,PG,79,79,2739,643,1449,0.444,240,602,0.399,403,847,0.476,0.527,304,359,0.847,45,263,308,434,85,22,168,119,1830,15960000
12893,SF,30,0,308,30,80,0.375,14,44,0.318,16,36,0.444,0.463,12,16,0.75,3,21,24,11,3,0,7,35,86,1303973.23
12906,SG,82,19,2397,477,1071,0.445,117,356,0.329,360,715,0.503,0.5,134,168,0.798,49,197,246,213,88,8,164,150,1205,16625000
12979,SF,75,75,2689,622,1348,0.461,195,496,0.393,427,852,0.501,0.534,336,374,0.898,58,434,492,251,119,27,220,206,1775,24358327.56
12985,C,75,75,2708,770,1526,0.505,40,134,0.299,730,1392,0.524,0.518,519,647,0.802,172,712,884,157,94,167,181,168,2099,29415277.5
13003,C,74,74,2531,532,1160,0.459,104,268,0.388,428,892,0.48,0.503,278,332,0.837,60,404,464,338,67,99,166,171,1446,28150347.75
13007,PG,81,51,2133,236,512,0.461,11,55,0.2,225,457,0.492,0.472,73,90,0.811,39,212,251,534,134,10,159,139,556,1163265.88
13034,PF,63,7,1442,190,361,0.526,10,36,0.278,180,325,0.554,0.54,59,80,0.738,120,249,369,96,82,39,56,149,449,1606214.4
13068,PG,80,22,2003,299,661,0.452,48,135,0.356,251,526,0.477,0.489,94,122,0.77,51,184,235,265,66,13,108,140,740,9728950
13081,PF,42,3,558,58,151,0.384,9,25,0.36,49,126,0.389,0.414,40,50,0.8,42,120,162,8,17,9,28,91,165,1710592.8
13110,PG,55,9,1205,170,381,0.446,37,120,0.308,133,261,0.51,0.495,53,77,0.688,20,105,125,154,42,3,90,100,430,3236334.22
13123,SF,77,69,2223,314,624,0.503,68,194,0.351,246,430,0.572,0.558,77,124,0.621,125,216,341,88,85,70,86,214,773,11955057.45
13126,PF,61,5,871,77,168,0.458,0,1,0,77,167,0.461,0.458,23,33,0.697,105,114,219,57,18,24,29,78,177,5320000
13128,C,77,34,1560,230,463,0.497,3,12,0.25,227,451,0.503,0.5,150,208,0.721,156,354,510,44,38,98,102,242,613,6415415.93
13200,PF,61,34,1296,228,416,0.548,0,6,0,228,410,0.556,0.548,131,189,0.693,183,279,462,55,43,40,59,124,587,16064607.16
13206,SG,81,1,1994,428,998,0.429,163,446,0.365,265,552,0.48,0.511,402,457,0.88,26,176,202,239,80,20,160,92,1421,9310000
13229,PG,67,61,2190,405,893,0.454,100,281,0.356,305,612,0.498,0.51,119,168,0.708,46,218,264,488,100,44,194,133,1029,15011068.94
13246,PF,78,6,1232,114,262,0.435,45,130,0.346,69,132,0.523,0.521,26,37,0.703,59,213,272,71,25,17,39,122,299,6650000
13338,SG,33,1,575,84,210,0.4,28,80,0.35,56,130,0.431,0.467,23,27,0.852,22,54,76,41,19,3,25,48,219,1303973.23
13351,SF,47,0,538,95,232,0.409,39,111,0.351,56,121,0.463,0.494,33,41,0.805,16,68,84,33,9,7,25,48,262,1303973.23
13357,SG,76,75,2529,370,928,0.399,153,437,0.35,217,491,0.442,0.481,154,185,0.832,55,193,248,193,89,12,86,118,1047,4892164.27
13370,SG,74,74,2620,721,1545,0.467,33,124,0.266,688,1421,0.484,0.477,545,647,0.842,70,316,386,290,78,13,180,134,2020,35298333
13423,PF,46,12,789,75,142,0.528,0,0,,75,142,0.528,0.528,50,81,0.617,96,148,244,26,15,22,37,137,200,8866667.11
13461,SF,76,0,1998,219,415,0.528,64,177,0.362,155,238,0.651,0.605,72,102,0.706,51,253,304,261,76,39,58,97,574,14804719.44
13463,PF,75,34,1944,310,646,0.48,49,167,0.293,261,479,0.545,0.518,98,113,0.867,102,300,402,111,31,26,66,145,767,14619302.81
13466,C,46,46,1015,99,202,0.49,0,1,0,99,201,0.493,0.49,34,78,0.436,162,241,403,103,30,37,58,127,232,22610000
13467,PG,72,18,1474,117,360,0.325,43,156,0.276,74,204,0.363,0.385,148,194,0.763,23,113,136,198,53,21,85,194,425,1256850
13493,SG,37,4,384,58,150,0.387,18,51,0.353,40,99,0.404,0.447,27,34,0.794,6,35,41,19,8,6,14,31,161,1163265.88
13500,SF,79,40,2279,276,686,0.402,55,187,0.294,221,499,0.443,0.442,133,214,0.621,60,256,316,166,50,36,116,158,740,7024634.4
13580,PG,78,20,1538,195,517,0.377,95,274,0.347,100,243,0.412,0.469,131,161,0.814,15,102,117,209,31,1,90,101,616,9642500
13624,PG,81,13,1802,192,535,0.359,79,252,0.313,113,283,0.399,0.433,114,152,0.75,29,167,196,395,70,4,128,116,577,6650000
13782,SF,80,72,2298,393,865,0.454,77,267,0.288,316,598,0.528,0.499,156,217,0.719,116,289,405,150,65,40,89,172,1019,5787255.6
13785,PF,74,41,1265,130,270,0.481,7,20,0.35,123,250,0.492,0.494,60,94,0.638,131,256,387,31,30,27,64,154,327,3659308.8
13798,C,78,78,2336,262,437,0.6,0,3,0,262,434,0.604,0.6,106,213,0.498,286,429,715,77,39,84,64,176,630,20389478.55
13808,SG,68,68,1807,176,449,0.392,118,311,0.379,58,138,0.42,0.523,27,32,0.844,31,193,224,124,70,57,76,120,497,13300000
13813,PG,35,6,771,142,343,0.414,53,148,0.358,89,195,0.456,0.491,44,51,0.863,9,75,84,193,14,1,63,30,381,5448943.5
13832,PG,52,50,1424,284,677,0.419,66,184,0.359,218,493,0.442,0.468,118,136,0.868,21,93,114,270,35,5,114,129,752,19892174.26
13852,PF,50,39,1186,203,417,0.487,3,10,0.3,200,407,0.491,0.49,67,109,0.615,92,213,305,56,45,40,60,103,476,14696500
13936,C,73,59,2038,494,854,0.578,45,139,0.324,449,715,0.628,0.605,188,228,0.825,212,506,718,359,61,55,171,214,1221,1806805
13948,PG,81,32,1955,329,749,0.439,28,105,0.267,301,644,0.467,0.458,72,102,0.706,21,214,235,418,61,33,112,127,758,7980000
13958,PF,81,35,1642,124,333,0.372,56,191,0.293,68,142,0.479,0.456,46,61,0.754,55,167,222,67,52,25,45,125,350,722816.43
13979,PF,81,36,2129,381,927,0.411,106,341,0.311,275,586,0.469,0.468,172,220,0.782,112,401,513,182,57,30,183,162,1040,3083312.4
13983,PG,38,8,322,50,116,0.431,9,23,0.391,41,93,0.441,0.47,21,30,0.7,6,36,42,48,8,6,38,29,130,1569506.4
13994,PG,79,78,2485,548,1214,0.451,100,294,0.34,448,920,0.487,0.493,218,255,0.855,42,206,248,499,74,16,258,149,1414,3602414.06
14043,PF,74,73,2132,377,773,0.488,17,63,0.27,360,710,0.507,0.499,204,282,0.723,150,486,636,264,49,37,173,248,975,4345269.6
14051,C,71,5,1031,162,285,0.568,1,4,0.25,161,281,0.573,0.57,49,88,0.557,129,203,332,26,18,47,31,137,374,1350875.68
14054,SF,78,14,1843,273,626,0.436,106,258,0.411,167,368,0.454,0.521,63,77,0.818,33,210,243,144,36,18,69,93,715,14630000
14070,C,57,6,1088,103,156,0.66,3,12,0.25,100,144,0.694,0.67,44,67,0.657,82,162,244,42,52,89,46,137,253,2555355.6
14083,PG,42,0,386,62,158,0.392,7,22,0.318,55,136,0.404,0.415,35,49,0.714,3,38,41,58,18,7,30,38,166,722816.43
14088,SG,75,15,2323,412,1016,0.406,246,661,0.372,166,355,0.468,0.527,147,175,0.84,29,172,201,188,48,41,121,150,1217,16472534.12
14092,PG,75,75,2469,261,650,0.402,60,196,0.306,201,454,0.443,0.448,254,285,0.891,68,237,305,682,128,10,195,202,836,18021500
14105,SG,19,0,442,105,218,0.482,37,95,0.389,68,123,0.553,0.567,20,26,0.769,4,30,34,57,11,2,25,30,267,230221.67
14119,PF,43,0,574,57,161,0.354,28,101,0.277,29,60,0.483,0.441,4,11,0.364,23,80,103,23,10,22,32,74,146,5687505.6
14171,SG,67,0,963,172,392,0.439,35,98,0.357,137,294,0.466,0.483,40,45,0.889,15,89,104,81,31,8,48,82,419,5320000
14189,SG,36,10,738,103,256,0.402,56,137,0.409,47,119,0.395,0.512,65,74,0.878,5,72,77,45,34,4,36,41,327,8698200
14212,SF,75,10,1228,186,439,0.424,58,194,0.299,128,245,0.522,0.49,102,129,0.791,69,176,245,66,41,23,66,109,532,2013832.8
14232,SG,60,19,1705,295,666,0.443,87,235,0.37,208,431,0.483,0.508,143,190,0.753,58,201,259,206,48,28,97,110,820,4699332.89
14236,PF,72,72,2335,500,1049,0.477,23,56,0.411,477,993,0.48,0.488,220,271,0.812,172,351,523,139,46,88,98,158,1243,27364756.65
14255,C,31,31,786,200,429,0.466,36,98,0.367,164,331,0.495,0.508,191,244,0.783,61,182,243,66,27,76,117,112,627,6418792.8
14265,PF,41,7,639,95,215,0.442,53,117,0.453,42,98,0.429,0.565,19,22,0.864,25,87,112,42,19,21,36,76,262,10733332.75
14356,PF,55,38,859,103,205,0.502,1,7,0.143,102,198,0.515,0.505,22,32,0.688,64,121,185,17,26,45,33,109,229,1590733.2
14365,SG,54,5,1140,209,525,0.398,45,139,0.324,164,386,0.425,0.441,132,154,0.857,25,93,118,130,27,5,88,87,595,16766312.5
14373,PG,27,0,446,49,116,0.422,10,30,0.333,39,86,0.453,0.466,42,55,0.764,16,32,48,57,27,11,25,31,150,2097782.4
14387,PF,80,4,1531,152,328,0.463,43,116,0.371,109,212,0.514,0.529,90,147,0.612,38,167,205,46,33,79,44,149,437,1303973.23
14468,SF,74,74,2538,602,1389,0.433,151,421,0.359,451,968,0.466,0.488,304,365,0.833,62,376,438,213,60,34,153,198,1659,32663975.4
14488,SG,15,0,214,36,66,0.545,5,15,0.333,31,51,0.608,0.583,33,42,0.786,7,21,28,24,4,5,14,8,110,99750
14547,SF,68,3,810,73,200,0.365,29,118,0.246,44,82,0.537,0.438,11,17,0.647,26,155,181,23,29,30,18,83,186,7485240
14575,PF,51,50,1728,399,814,0.49,65,178,0.365,334,636,0.525,0.53,162,218,0.743,79,235,314,142,50,22,93,111,1025,7147845.6
14611,C,81,81,2409,483,911,0.53,2,7,0.286,481,904,0.532,0.531,137,355,0.386,345,770,1115,90,124,89,152,237,1105,29415277.5
14619,PG,50,1,811,100,263,0.38,21,62,0.339,79,201,0.393,0.42,91,118,0.771,11,62,73,129,27,3,46,43,312,7980000
14649,PF,54,54,1424,296,678,0.437,79,209,0.378,217,469,0.463,0.495,98,112,0.875,23,330,353,82,30,38,51,113,769,33250000
14684,PF,82,82,2653,332,661,0.502,16,43,0.372,316,618,0.511,0.514,136,167,0.814,188,459,647,158,88,95,107,254,816,3123881.39
14700,PF,64,7,1362,157,346,0.454,77,203,0.379,80,143,0.559,0.565,43,65,0.662,31,194,225,121,42,16,73,154,434,13925100
14705,PF,72,72,2116,323,773,0.418,204,506,0.403,119,267,0.446,0.55,129,150,0.86,112,218,330,68,31,14,55,142,979,24918034.12
14712,C,67,8,1198,245,397,0.617,3,9,0.333,242,388,0.624,0.621,116,197,0.589,95,187,282,65,56,39,73,163,609,3854340
14714,PG,68,64,2063,340,714,0.476,73,175,0.417,267,539,0.495,0.527,147,171,0.86,23,129,152,312,67,9,114,119,900,6955173.82
14720,SF,77,1,1371,129,365,0.353,45,154,0.292,84,211,0.398,0.415,36,53,0.679,36,153,189,105,56,24,71,121,339,3949940.4
14722,SG,67,67,2058,228,543,0.42,110,288,0.382,118,255,0.463,0.521,73,95,0.768,95,298,393,281,99,25,100,222,639,7980000
14760,PG,79,79,2638,675,1443,0.468,324,789,0.411,351,654,0.537,0.58,325,362,0.898,61,292,353,524,142,17,239,183,1999,16109437.47
14765,PG,17,0,231,35,95,0.368,15,45,0.333,20,50,0.4,0.447,21,29,0.724,1,21,22,26,8,0,21,21,106,625024.19
14775,PF,74,74,2237,362,687,0.527,45,118,0.381,317,569,0.557,0.56,45,86,0.523,131,317,448,122,113,29,95,135,814,18824357.16
14806,SF,78,20,1341,192,423,0.454,46,135,0.341,146,288,0.507,0.508,85,124,0.685,45,175,220,64,35,18,68,142,515,6308190
14874,SF,72,72,1882,220,550,0.4,109,320,0.341,111,230,0.483,0.499,89,117,0.761,63,212,275,74,81,27,54,143,638,18886000
15000,C,64,7,1177,174,379,0.459,55,180,0.306,119,199,0.598,0.532,39,52,0.75,71,191,262,55,29,43,43,91,442,3990000
15014,SG,67,22,1753,239,515,0.464,162,359,0.451,77,156,0.494,0.621,38,42,0.905,7,179,186,110,34,21,69,107,678,6968451.21
15026,C,81,0,1823,387,726,0.533,0,4,0,387,722,0.536,0.533,177,239,0.741,167,365,532,187,92,38,140,168,951,22803964.54
15085,PF,28,5,447,83,135,0.615,0,1,0,83,134,0.619,0.615,23,35,0.657,31,47,78,15,11,20,10,42,189,7594140.4
15106,SF,74,74,2474,636,1312,0.485,147,387,0.38,489,925,0.529,0.541,469,533,0.88,80,350,430,260,133,55,154,122,1888,23458623.79
15193,C,57,34,562,83,181,0.459,28,74,0.378,55,107,0.514,0.536,32,49,0.653,40,74,114,23,10,26,17,84,226,3416238
15213,SF,69,27,1427,158,338,0.467,49,125,0.392,109,213,0.512,0.54,54,76,0.711,57,189,246,47,41,20,37,63,419,1397165
15241,PG,57,0,703,116,255,0.455,31,70,0.443,85,185,0.459,0.516,22,29,0.759,7,40,47,100,11,5,48,54,285,4504175.34
15308,C,62,0,531,45,86,0.523,0,0,,45,86,0.523,0.523,15,22,0.682,51,107,158,25,25,23,17,85,105,10166492.07
15338,PG,60,0,774,75,181,0.414,26,73,0.356,49,108,0.454,0.486,33,43,0.767,10,57,67,156,48,5,38,50,209,1781774.4
15345,PF,66,35,1649,174,359,0.485,71,181,0.392,103,178,0.579,0.584,16,27,0.593,56,221,277,37,39,28,28,100,435,3961072.5
15357,C,81,64,2148,334,623,0.536,0,6,0,334,617,0.541,0.536,174,300,0.58,170,435,605,284,69,92,134,226,842,3096944.9
15369,SF,81,81,2349,295,618,0.477,1,9,0.111,294,609,0.483,0.478,152,194,0.784,156,409,565,114,81,77,56,187,743,17290000
15381,SG,52,13,857,82,217,0.378,23,86,0.267,59,131,0.45,0.431,28,43,0.651,12,86,98,107,34,8,56,74,215,722816.43
15406,PG,65,0,1087,136,341,0.399,58,177,0.328,78,164,0.476,0.484,107,129,0.829,11,116,127,136,43,7,57,101,437,5623234.68
15408,PG,62,9,1012,96,248,0.387,32,105,0.305,64,143,0.448,0.452,57,66,0.864,16,73,89,114,43,2,47,84,281,6650000
15422,C,53,4,447,56,107,0.523,2,9,0.222,54,98,0.551,0.533,21,34,0.618,44,80,124,29,15,17,17,64,135,1573177.2
15427,SF,80,80,2605,414,803,0.516,148,341,0.434,266,462,0.576,0.608,99,119,0.832,118,396,514,121,116,42,44,193,1075,7838994.73
15496,C,54,52,1104,169,328,0.515,0,1,0,169,327,0.517,0.515,63,78,0.808,104,160,264,43,16,31,72,133,401,21280000
15501,SG,36,0,285,36,99,0.364,17,53,0.321,19,46,0.413,0.449,5,6,0.833,2,21,23,23,1,0,11,20,94,722816.43
15508,PF,61,25,1773,183,466,0.393,70,212,0.33,113,254,0.445,0.468,96,136,0.706,77,374,451,99,60,44,94,102,532,10215683.45
15531,C,68,0,854,135,252,0.536,3,8,0.375,132,244,0.541,0.542,43,56,0.768,47,156,203,151,42,48,78,105,316,1303973.23
15564,C,77,10,739,208,319,0.652,0,3,0,208,316,0.658,0.652,56,111,0.505,100,144,244,17,19,67,40,109,472,1866802.63
15566,PG,63,28,1028,128,301,0.425,49,134,0.366,79,167,0.473,0.507,65,73,0.89,17,94,111,121,47,8,44,93,370,2185243.2
15587,SG,65,20,1728,183,432,0.424,82,220,0.373,101,212,0.476,0.519,58,74,0.784,32,152,184,168,84,28,78,141,506,10640000
15602,C,81,81,2570,412,577,0.714,0,2,0,412,575,0.717,0.714,205,425,0.482,298,816,1114,96,51,134,115,212,1029,28150347.75
15617,SG,76,31,1937,201,489,0.411,94,261,0.36,107,228,0.469,0.507,71,90,0.789,39,179,218,109,62,27,78,150,567,12851686.26
15657,C,74,15,1398,238,520,0.458,137,335,0.409,101,185,0.546,0.589,63,74,0.851,37,253,290,45,33,37,53,138,676,10383271.43
15697,SG,74,0,1365,105,243,0.432,73,171,0.427,32,72,0.444,0.582,24,29,0.828,15,91,106,98,46,20,36,95,307,1303973.23
15698,PF,36,1,461,71,151,0.47,17,50,0.34,54,101,0.535,0.526,25,37,0.676,51,88,139,37,14,4,34,63,184,7315000
15731,PG,31,0,462,64,193,0.332,27,86,0.314,37,107,0.346,0.402,5,8,0.625,3,45,48,55,14,4,29,52,160,2809598.4
15734,PG,24,0,394,43,117,0.368,7,42,0.167,36,75,0.48,0.397,24,29,0.828,13,48,61,56,18,5,21,50,117,504281.47
15790,C,22,0,355,56,102,0.549,0,2,0,56,100,0.56,0.549,12,14,0.857,24,62,86,20,3,17,24,44,124,2928979.2
15792,PG,80,11,1700,221,514,0.43,46,144,0.319,175,370,0.473,0.475,50,64,0.781,33,185,218,191,66,22,83,125,538,1303973.23
15853,PF,64,13,1000,183,375,0.488,32,96,0.333,151,279,0.541,0.531,39,59,0.661,75,221,296,35,16,11,37,94,437,1933394.4
15883,C,81,81,2271,382,775,0.493,0,2,0,382,773,0.494,0.493,75,104,0.721,244,276,520,80,18,117,91,151,839,17581602.5
15966,C,74,74,2199,388,613,0.633,0,2,0,388,611,0.635,0.633,226,424,0.533,296,644,940,104,64,92,170,203,1002,30829765.75
15984,PG,39,0,696,91,244,0.373,19,60,0.317,72,184,0.391,0.412,80,107,0.748,6,78,84,84,16,0,53,44,281,9310000
16006,PG,53,2,512,73,183,0.399,34,92,0.37,39,91,0.429,0.492,38,49,0.776,8,53,61,67,32,2,41,38,218,1795659.6
16077,C,68,68,2193,379,801,0.473,86,242,0.355,293,559,0.524,0.527,108,135,0.8,95,370,465,337,52,86,115,138,952,35298333
16082,SF,80,76,1787,191,378,0.505,43,110,0.391,148,268,0.552,0.562,59,87,0.678,44,126,170,39,81,35,46,122,484,2929990
16097,PG,64,44,1657,263,600,0.438,85,234,0.363,178,366,0.486,0.509,90,109,0.826,14,133,147,360,31,8,138,138,701,345169.58
16128,SF,81,54,2083,376,845,0.445,144,392,0.367,232,453,0.512,0.53,217,243,0.893,37,240,277,111,34,7,131,146,1113,4961768.49
16133,PG,61,61,1921,374,785,0.476,124,302,0.411,250,483,0.518,0.555,232,260,0.892,40,264,304,563,119,8,147,146,1104,30415539.91
16154,C,47,0,708,138,267,0.517,0,1,0,138,266,0.519,0.517,70,112,0.625,94,198,292,23,27,32,37,125,346,1163265.88
16169,SF,76,75,2809,570,1252,0.455,91,248,0.367,479,1004,0.477,0.492,585,676,0.865,129,341,470,417,143,32,159,112,1816,23344437.97
16182,SG,79,24,2399,269,749,0.359,94,332,0.283,175,417,0.42,0.422,203,250,0.812,78,227,305,364,125,34,159,192,835,4759910.4
16215,C,77,77,2513,542,973,0.557,0,0,,542,973,0.557,0.557,225,358,0.628,293,795,1088,57,57,161,154,226,1309,29415277.5
16223,PF,70,2,1133,156,418,0.373,104,305,0.341,52,113,0.46,0.498,35,45,0.778,11,151,162,48,12,13,37,109,451,13965000
16308,SG,52,11,1138,154,362,0.425,85,221,0.385,69,141,0.489,0.543,35,49,0.714,16,131,147,54,30,8,55,121,428,1303973.23
16332,SG,39,1,316,37,72,0.514,17,33,0.515,20,39,0.513,0.632,7,9,0.778,10,42,52,28,6,2,17,23,98,1163265.88
16378,SF,78,50,1761,235,542,0.434,15,67,0.224,220,475,0.463,0.447,190,253,0.751,96,356,452,154,82,44,116,177,675,1856148
16386,SF,66,59,2048,403,814,0.495,26,98,0.265,377,716,0.527,0.511,119,154,0.773,125,214,339,75,76,39,57,175,951,2831463.6
16469,PG,39,0,560,92,197,0.467,11,32,0.344,81,165,0.491,0.495,32,34,0.941,6,51,57,131,13,0,36,29,227,1303973.23
16490,C,50,33,1134,242,471,0.514,0,0,,242,471,0.514,0.514,106,158,0.671,81,159,240,58,20,49,91,122,590,6369157.2
16517,PF,65,1,1190,151,356,0.424,56,177,0.316,95,179,0.531,0.503,45,61,0.738,57,187,244,79,40,20,59,154,403,5054000
16540,C,67,16,1091,150,294,0.51,1,2,0.5,149,292,0.51,0.512,82,109,0.752,144,199,343,39,29,44,58,173,383,8234030
16552,SG,60,59,1792,414,955,0.434,45,145,0.31,369,810,0.456,0.457,223,281,0.794,63,207,270,228,86,41,138,112,1096,30856000
16600,C,75,21,1421,255,481,0.53,0,2,0,255,479,0.532,0.53,101,151,0.669,85,254,339,80,53,44,69,147,611,4723042.8
16622,C,51,19,1047,184,309,0.595,0,1,0,184,308,0.597,0.595,77,111,0.694,93,201,294,50,65,50,51,126,445,5831371.7
16643,SG,82,10,1764,295,730,0.404,115,344,0.334,180,386,0.466,0.483,106,120,0.883,41,173,214,170,51,24,113,124,811,4270417.2
16671,SG,77,77,2617,393,975,0.403,135,405,0.333,258,570,0.453,0.472,243,284,0.856,46,435,481,456,86,29,194,109,1164,27756522.78
16677,SF,78,1,1516,288,598,0.482,49,145,0.338,239,453,0.528,0.523,147,190,0.774,84,136,220,35,22,6,56,86,772,4051577.67
16741,SG,79,30,2154,415,912,0.455,149,417,0.357,266,495,0.537,0.537,164,214,0.766,35,189,224,182,55,15,106,103,1143,3034534.65
16745,SF,74,74,2794,736,1344,0.548,124,342,0.363,612,1002,0.611,0.594,358,531,0.674,97,542,639,646,92,44,303,134,1954,41181388.5
16789,SF,66,5,1508,222,497,0.447,77,208,0.37,145,289,0.502,0.524,71,84,0.845,20,159,179,58,13,5,38,79,592,3302443.2
16800,C,57,17,1193,230,412,0.558,27,77,0.351,203,335,0.606,0.591,72,103,0.699,94,217,311,58,42,55,55,136,559,1364355.23
16803,PG,73,26,1643,204,508,0.402,44,149,0.295,160,359,0.446,0.445,91,113,0.805,32,152,184,192,42,36,142,175,543,1428612.85
16809,SG,55,55,1835,359,775,0.463,108,277,0.39,251,498,0.504,0.533,68,93,0.731,65,269,334,122,68,11,88,141,894,10998651.79
16814,SF,80,71,2374,183,478,0.383,94,270,0.348,89,208,0.428,0.481,103,128,0.805,51,256,307,141,72,32,82,182,563,14950819.94
16822,C,51,1,432,55,103,0.534,0,1,0,55,102,0.539,0.534,36,48,0.75,52,69,121,7,16,32,14,52,146,1350875.68
16839,SG,40,9,752,77,200,0.385,32,95,0.337,45,105,0.429,0.465,19,29,0.655,19,93,112,35,20,6,11,69,205,153407.52
16867,PF,79,10,1477,248,420,0.59,0,0,,248,420,0.59,0.59,80,113,0.708,149,292,441,124,31,40,82,125,576,2063706.47
16908,SF,69,19,1190,145,361,0.402,50,161,0.311,95,200,0.475,0.471,105,123,0.854,25,124,149,75,32,10,73,154,445,1764856.8
16910,C,82,82,2556,390,674,0.579,0,2,0,390,672,0.58,0.579,103,159,0.648,238,611,849,121,40,61,119,213,883,15960000
17004,SF,30,30,1013,201,442,0.455,42,113,0.372,159,329,0.483,0.502,118,138,0.855,35,155,190,83,44,26,74,79,562,17733332.89
17066,PG,73,73,2459,534,1124,0.475,117,289,0.405,417,835,0.499,0.527,298,377,0.79,62,217,279,423,89,13,212,199,1483,21135994.25
17081,PG,76,3,1345,173,316,0.547,1,3,0.333,172,313,0.55,0.549,42,60,0.7,28,123,151,139,38,20,62,120,389,7690658.5
17089,PG,74,0,1263,151,411,0.367,57,179,0.318,94,232,0.405,0.437,51,66,0.773,40,187,227,131,46,11,47,69,410,2535565.2
17126,SG,67,67,2222,412,932,0.442,127,352,0.361,285,580,0.491,0.51,116,154,0.753,39,252,291,176,78,21,119,155,1067,8715438.13
17215,PF,46,15,968,97,244,0.398,38,85,0.447,59,159,0.371,0.475,43,51,0.843,32,110,142,35,21,5,25,85,275,8234030
17280,SG,70,24,1754,305,735,0.415,105,308,0.341,200,427,0.468,0.486,204,242,0.843,22,258,280,157,45,6,135,118,919,1303973.23
17283,PG,64,64,2082,460,977,0.471,13,60,0.217,447,917,0.487,0.477,221,253,0.874,66,180,246,283,44,17,147,84,1154,28359925.16
17376,C,74,3,1068,174,329,0.529,37,78,0.474,137,251,0.546,0.585,35,51,0.686,64,194,258,37,21,54,58,168,420,6650000
17384,SF,40,6,788,150,370,0.405,42,118,0.356,108,252,0.429,0.462,69,92,0.75,13,124,137,124,35,9,61,60,411,13570994.15
17390,SG,68,66,2234,408,930,0.439,128,360,0.356,280,570,0.491,0.508,223,277,0.805,44,165,209,202,66,4,141,180,1167,22610000
17425,SG,78,65,1966,190,460,0.413,73,220,0.332,117,240,0.488,0.492,44,71,0.62,94,162,256,124,46,18,56,140,497,722816.43
17447,SF,78,24,1955,326,746,0.437,142,391,0.363,184,355,0.518,0.532,64,77,0.831,18,188,206,88,87,33,68,143,858,13300000
17477,SG,60,60,1556,272,633,0.43,170,421,0.404,102,212,0.481,0.564,77,90,0.856,25,113,138,58,37,14,36,137,791,7240410.94
17498,PG,14,0,188,33,66,0.5,11,26,0.423,22,40,0.55,0.583,2,5,0.4,1,6,7,26,4,0,13,13,79,21258.72
17515,PF,56,4,689,87,214,0.407,19,54,0.352,68,160,0.425,0.451,64,82,0.78,60,146,206,29,15,21,28,69,257,5320000
17566,C,38,11,609,126,238,0.529,0,3,0,126,235,0.536,0.529,32,49,0.653,41,118,159,30,14,33,30,66,284,1376491.48
17569,SG,22,1,165,33,73,0.452,9,28,0.321,24,45,0.533,0.514,8,10,0.8,5,12,17,11,7,0,8,10,83,2164335.6
17587,SF,68,55,1065,113,281,0.402,87,210,0.414,26,71,0.366,0.557,11,15,0.733,12,129,141,36,20,11,25,118,324,1632290.38
17631,PF,52,0,577,107,186,0.575,1,3,0.333,106,183,0.579,0.578,77,88,0.875,43,86,129,21,14,11,29,45,292,1303973.23
17632,C,47,46,1298,153,228,0.671,0,0,,153,228,0.671,0.671,91,124,0.734,153,386,539,30,33,24,65,126,397,16511950
17633,C,81,27,1793,179,339,0.528,0,0,,179,339,0.528,0.528,125,234,0.534,157,410,567,74,25,91,95,202,483,22610000
17683,PG,69,42,1843,229,561,0.408,50,133,0.376,179,428,0.418,0.453,30,50,0.6,73,282,355,461,99,11,169,144,538,18620000
17726,PG,41,2,416,46,122,0.377,17,44,0.386,29,78,0.372,0.447,33,39,0.846,5,34,39,52,9,1,26,18,142,1303973.23
17727,SF,62,42,1596,174,395,0.441,41,120,0.342,133,275,0.484,0.492,55,75,0.733,54,216,270,107,96,31,58,97,444,5120500
17734,SG,57,56,1782,320,637,0.502,107,255,0.42,213,382,0.558,0.586,104,134,0.776,48,130,178,164,71,8,76,92,851,2202320.4
17740,SG,80,80,2336,246,541,0.455,144,355,0.406,102,186,0.548,0.588,47,58,0.81,22,226,248,96,55,14,55,125,683,3149874.91
17756,SG,80,27,2188,251,634,0.396,132,359,0.368,119,275,0.433,0.5,122,150,0.813,21,205,226,188,45,32,128,144,756,3980743.2
17788,PF,62,62,2070,551,1026,0.537,117,312,0.375,434,714,0.608,0.594,336,384,0.875,39,474,513,300,66,99,138,117,1555,35298333
17815,SF,72,72,2335,333,720,0.463,157,394,0.398,176,326,0.54,0.572,176,217,0.811,48,367,415,155,73,23,80,161,999,8360922.64
17825,C,58,14,1064,225,345,0.652,1,7,0.143,224,338,0.663,0.654,76,121,0.628,81,138,219,64,20,42,44,126,527,1389850
17830,SG,82,1,2157,359,870,0.413,116,322,0.36,243,548,0.443,0.479,174,203,0.857,17,112,129,214,61,14,134,115,1008,17626505.96
17863,SF,76,29,1776,281,647,0.434,169,409,0.413,112,238,0.471,0.565,84,93,0.903,30,199,229,48,46,25,40,151,815,6095988.5
17878,PG,36,33,883,175,400,0.438,58,156,0.372,117,244,0.48,0.51,115,141,0.816,11,124,135,184,42,14,86,79,523,15272727.82
17879,SG,39,1,381,47,126,0.373,12,46,0.261,35,80,0.438,0.421,21,28,0.75,2,31,33,33,11,2,28,39,127,1163265.88
17932,SG,62,13,1500,231,555,0.416,149,394,0.378,82,161,0.509,0.55,37,43,0.86,18,114,132,70,35,4,30,70,648,7980000
17988,PG,69,68,2292,464,1009,0.46,171,419,0.408,293,590,0.497,0.545,316,368,0.859,31,210,241,433,92,19,156,126,1415,35298333
18010,PF,76,76,2295,297,704,0.422,124,354,0.35,173,350,0.494,0.51,131,150,0.873,89,411,500,106,58,53,60,134,849,16292500
18041,SF,57,26,1237,171,380,0.45,59,184,0.321,112,196,0.571,0.528,67,93,0.72,23,165,188,110,49,8,59,91,468,2077832.4
18080,PF,80,77,1608,213,370,0.576,27,66,0.409,186,304,0.612,0.612,67,100,0.67,118,248,366,140,51,62,77,211,520,15960000
18123,SG,41,2,458,57,156,0.365,26,81,0.321,31,75,0.413,0.449,2,5,0.4,4,45,49,23,19,10,14,32,142,2408683.2
18137,SF,38,1,371,47,98,0.48,1,18,0.056,46,80,0.575,0.485,6,16,0.375,14,45,59,28,8,5,16,21,101,1994680.8
18156,PF,61,61,2076,479,971,0.493,38,113,0.336,441,858,0.514,0.513,320,421,0.76,112,385,497,300,57,22,142,157,1316,26787315.87
18171,SG,79,7,2254,303,647,0.468,134,302,0.444,169,345,0.49,0.572,105,124,0.847,19,207,226,94,54,20,62,171,845,24605000
18173,SG,74,29,2054,323,731,0.442,111,299,0.371,212,432,0.491,0.518,132,191,0.691,20,141,161,204,48,10,115,187,889,14630000
18175,SF,82,11,1281,147,348,0.422,27,118,0.229,120,230,0.522,0.461,50,68,0.735,32,134,166,97,61,20,55,133,371,10124188.76
18274,SF,56,49,1486,164,424,0.387,51,165,0.309,113,259,0.436,0.447,46,63,0.73,63,232,295,74,48,20,43,61,425,23940000
18311,C,27,21,583,38,81,0.469,0,1,0,38,80,0.475,0.469,3,11,0.273,56,162,218,49,13,25,43,86,79,322157.92
18332,PF,54,1,797,134,277,0.484,25,81,0.309,109,196,0.556,0.529,44,52,0.846,38,153,191,81,15,30,49,77,337,8443849.47
18357,PG,66,66,2176,449,1034,0.434,104,310,0.335,345,724,0.477,0.485,388,458,0.847,52,268,320,418,91,31,224,164,1390,18620000
18369,PG,65,0,894,121,300,0.403,48,128,0.375,73,172,0.424,0.483,32,40,0.8,18,51,69,125,25,9,66,93,322,3591000
18432,PF,52,2,457,62,117,0.53,2,8,0.25,60,109,0.55,0.538,21,42,0.5,34,57,91,18,18,29,19,47,147,1303973.23
18468,SG,78,78,2198,396,890,0.445,201,468,0.429,195,422,0.462,0.558,180,202,0.891,11,160,171,110,54,13,98,125,1173,9812075
18502,PG,40,0,346,41,91,0.451,10,31,0.323,31,60,0.517,0.505,8,9,0.889,4,26,30,34,21,5,15,48,100,1247274
18507,PF,79,79,2422,471,982,0.48,124,317,0.391,347,665,0.522,0.543,107,125,0.856,129,409,538,75,41,124,105,215,1173,16292500
18517,SF,67,67,2119,292,732,0.399,137,412,0.333,155,320,0.484,0.492,143,174,0.822,92,344,436,102,127,69,131,203,864,1350875.68
18528,PG,74,2,1495,207,545,0.38,120,308,0.39,87,237,0.367,0.49,51,64,0.797,27,129,156,93,46,6,46,96,585,6916000
18535,C,64,39,1627,303,604,0.502,56,104,0.538,247,500,0.494,0.548,130,184,0.707,107,394,501,150,24,70,81,110,792,20615000
18548,SG,62,5,1143,226,491,0.46,41,146,0.281,185,345,0.536,0.502,110,129,0.853,30,234,264,75,27,23,40,98,603,8660465.24
18565,SF,71,33,2197,433,939,0.461,110,326,0.337,323,613,0.527,0.52,141,194,0.727,103,357,460,141,51,30,114,172,1117,14940084.18
18569,SG,18,0,361,54,120,0.45,6,20,0.3,48,100,0.48,0.475,8,13,0.615,4,48,52,59,5,3,26,32,122,5320000
18649,PG,69,24,1732,237,522,0.454,34,118,0.288,203,404,0.502,0.487,173,217,0.797,44,135,179,334,74,6,129,119,681,1303973.23
18717,PG,76,76,2569,682,1473,0.463,245,646,0.379,437,827,0.528,0.546,590,649,0.909,43,162,205,448,70,13,210,167,2199,8760885.56
18719,SG,46,43,1384,281,663,0.424,85,215,0.395,196,448,0.438,0.488,82,127,0.646,18,135,153,200,42,20,103,95,729,3854340
18779,PG,82,82,2657,402,909,0.442,90,252,0.357,312,657,0.475,0.492,360,415,0.867,33,297,330,639,100,32,216,165,1254,11704000
18856,C,54,4,626,67,115,0.583,0,0,,67,115,0.583,0.583,31,57,0.544,78,87,165,12,17,20,29,113,165,3596266.8
18858,SF,18,15,625,80,225,0.356,7,35,0.2,73,190,0.384,0.371,29,47,0.617,23,71,94,66,26,6,33,52,196,3449275.2
18943,C,81,81,2744,413,625,0.661,0,1,0,413,624,0.662,0.661,311,476,0.653,314,721,1035,97,49,214,147,246,1137,2821313.04
18948,SG,69,0,1291,171,439,0.39,89,227,0.392,82,212,0.387,0.491,86,107,0.804,28,129,157,183,82,16,96,119,517,18620000
18982,PG,61,15,1123,184,437,0.421,21,79,0.266,163,358,0.455,0.445,55,71,0.775,20,75,95,226,48,5,77,73,444,1221430.77
18985,SG,76,18,1368,227,506,0.449,56,173,0.324,171,333,0.514,0.504,126,159,0.792,26,143,169,82,52,14,70,127,636,1163265.88
19038,SF,80,80,2773,326,798,0.409,191,555,0.344,135,243,0.556,0.528,93,126,0.738,54,404,458,175,147,20,73,133,936,10383271.43
19047,PF,36,2,643,77,164,0.47,15,43,0.349,62,121,0.512,0.515,17,29,0.586,27,85,112,37,23,3,29,50,186,184090.62
19057,SF,68,5,1016,158,369,0.428,54,168,0.321,104,201,0.517,0.501,55,68,0.809,47,79,126,69,29,11,51,79,425,3854340
19064,SF,79,79,2376,215,463,0.464,45,184,0.245,170,279,0.609,0.513,47,111,0.423,98,305,403,79,94,79,51,204,522,2903485.76
19096,C,75,75,2222,555,1172,0.474,134,387,0.346,421,785,0.536,0.531,295,364,0.81,121,282,403,176,38,124,184,192,1539,28150347.75
19144,SG,80,80,2796,692,1441,0.48,185,439,0.421,507,1002,0.506,0.544,268,294,0.912,60,229,289,285,72,42,172,202,1837,4282040.07
19147,PG,76,54,1986,208,534,0.39,79,215,0.367,129,319,0.404,0.463,82,96,0.854,24,123,147,357,53,0,133,153,577,12777975
19174,C,80,80,2389,374,655,0.571,0,1,0,374,654,0.572,0.571,157,257,0.611,281,332,613,86,89,78,146,195,905,4176887.61
19180,C,70,1,980,148,336,0.44,33,98,0.337,115,238,0.483,0.49,46,73,0.63,72,179,251,70,25,6,56,83,375,2273926.27
19197,PF,82,52,2142,384,890,0.431,142,402,0.353,242,488,0.496,0.511,161,207,0.778,115,366,481,141,58,23,116,211,1071,11172000
19208,SF,80,80,2845,656,1259,0.521,49,180,0.272,607,1079,0.563,0.541,471,612,0.77,142,558,700,434,131,151,234,246,1832,3983909.93
19248,C,70,70,1268,164,307,0.534,0,2,0,164,305,0.538,0.534,98,126,0.778,140,270,410,132,59,33,87,166,426,3854340
19266,SG,73,73,2495,333,847,0.393,174,479,0.363,159,368,0.432,0.496,146,179,0.816,18,241,259,210,77,15,102,161,986,22803964.54
19270,PF,56,6,935,216,406,0.532,18,43,0.419,198,363,0.545,0.554,78,105,0.743,40,153,193,53,27,27,66,92,528,1866802.63
19299,SF,32,2,385,34,83,0.41,7,37,0.189,27,46,0.587,0.452,13,17,0.765,8,40,48,9,7,5,11,29,88,6433875
19300,PG,73,0,2178,357,824,0.433,93,250,0.372,264,574,0.46,0.49,195,254,0.768,50,243,293,233,84,44,90,176,1002,7485240
19325,C,72,0,1533,402,737,0.545,5,38,0.132,397,699,0.568,0.549,224,285,0.786,195,287,482,67,32,38,123,154,1033,22803964.54
19333,PG,75,75,2694,661,1488,0.444,214,579,0.37,447,909,0.492,0.516,488,545,0.895,46,322,368,440,68,20,197,152,2024,32356805.25
19358,SF,73,73,2516,545,1156,0.471,149,374,0.398,396,782,0.506,0.536,362,429,0.844,49,345,394,252,73,20,140,117,1601,21377276.2
19374,PF,60,60,1885,370,867,0.427,145,389,0.373,225,478,0.471,0.51,257,295,0.871,148,518,666,116,53,21,122,125,1142,28150347.75
19425,PF,77,2,1419,203,429,0.473,60,187,0.321,143,242,0.591,0.543,38,68,0.559,94,190,284,76,38,21,41,83,504,2288344.8
19432,SG,77,0,1137,211,433,0.487,61,163,0.374,150,270,0.556,0.558,44,58,0.759,22,99,121,90,39,8,55,77,527,1303973.23
19452,SF,64,28,1501,146,321,0.455,51,137,0.372,95,184,0.516,0.534,86,110,0.782,69,190,259,64,46,19,59,165,429,3854340
19459,PF,23,1,264,38,92,0.413,13,48,0.271,25,44,0.568,0.484,26,36,0.722,25,53,78,12,5,3,12,18,115,1350875.68
19505,PF,82,48,2567,511,1063,0.481,109,314,0.347,402,749,0.537,0.532,190,226,0.841,63,353,416,142,60,39,96,133,1321,22876000
19517,PG,80,8,1754,273,621,0.44,147,355,0.414,126,266,0.474,0.558,66,80,0.825,24,117,141,280,65,3,101,109,759,4760000.84
19519,SF,32,8,545,68,121,0.562,3,11,0.273,65,110,0.591,0.574,29,41,0.707,39,40,79,12,14,13,13,63,168,722816.43
19532,PF,71,4,1158,159,439,0.362,65,204,0.319,94,235,0.4,0.436,57,79,0.722,48,187,235,69,26,20,64,97,440,3112998
19546,SF,53,2,841,93,220,0.423,53,134,0.396,40,86,0.465,0.543,36,45,0.8,18,97,115,50,15,7,28,67,275,6433875
19561,SG,82,4,1639,233,538,0.433,97,273,0.355,136,265,0.513,0.523,66,80,0.825,27,198,225,102,65,31,66,109,629,1350875.68
19586,PG,37,0,294,39,111,0.351,11,29,0.379,28,82,0.341,0.401,18,22,0.818,4,38,42,35,16,3,15,36,107,722816.43
19606,SG,74,33,1998,247,557,0.443,43,135,0.319,204,422,0.483,0.482,93,128,0.727,19,185,204,236,78,27,135,149,630,14315455
19616,SF,79,5,1605,186,442,0.421,54,188,0.287,132,254,0.52,0.482,75,99,0.758,61,200,261,47,58,17,50,195,501,2668831.2
19636,SG,67,3,1183,185,495,0.374,138,355,0.389,47,140,0.336,0.513,43,54,0.796,22,78,100,46,20,4,45,90,551,4432810.2
19639,PF,76,76,2374,406,889,0.457,71,196,0.362,335,693,0.483,0.497,180,215,0.837,107,386,493,126,82,42,129,254,1063,9842000
19641,PG,78,78,2836,647,1435,0.451,89,272,0.327,558,1163,0.48,0.482,422,527,0.801,59,267,326,831,157,49,322,151,1805,22554007
19643,PF,70,15,1679,258,625,0.413,129,377,0.342,129,248,0.52,0.516,99,128,0.773,61,323,384,75,53,55,80,128,744,7690658.5
19692,PF,73,5,1786,433,964,0.449,21,94,0.223,412,870,0.474,0.46,141,193,0.731,182,416,598,122,38,10,99,136,1028,13780721.85
19715,SF,34,34,675,75,222,0.338,25,93,0.269,50,129,0.388,0.394,35,43,0.814,6,78,84,55,20,5,24,52,210,29415277.5
19752,PF,69,11,1534,220,558,0.394,53,193,0.275,167,365,0.458,0.442,145,168,0.863,39,175,214,81,37,13,75,103,638,19950000
19760,C,82,2,1286,244,548,0.445,103,277,0.372,141,271,0.52,0.539,120,137,0.876,88,285,373,65,23,41,69,229,711,1866802.63
19818,C,72,72,2465,647,1432,0.452,131,363,0.361,516,1069,0.483,0.498,517,670,0.772,152,642,794,332,100,93,269,278,1942,22554007
19829,SG,47,47,1749,326,710,0.459,120,310,0.387,206,400,0.515,0.544,117,140,0.836,19,141,160,139,41,10,85,104,889,2980370.4
19893,SF,73,64,1963,295,721,0.409,92,266,0.346,203,455,0.446,0.473,119,168,0.708,45,186,231,177,91,52,125,165,801,20921349.54
19907,PG,78,7,1333,118,313,0.377,21,73,0.288,97,240,0.404,0.411,36,59,0.61,24,142,166,188,78,36,89,178,293,5150451.6
19910,SF,29,23,889,150,333,0.45,45,104,0.433,105,229,0.459,0.518,81,92,0.88,11,112,123,99,41,7,65,79,426,20216000
19919,C,66,1,931,235,471,0.499,0,1,0,235,470,0.5,0.499,65,85,0.765,75,203,278,57,19,16,33,125,535,13718327.56
19935,PG,73,2,1248,145,388,0.374,26,110,0.236,119,278,0.428,0.407,75,93,0.806,10,113,123,193,39,1,95,112,391,3325000
19969,SG,61,45,1580,185,420,0.44,62,151,0.411,123,269,0.457,0.514,83,93,0.892,9,116,125,78,21,6,42,104,515,16625000
19981,SG,77,77,2684,637,1322,0.482,223,552,0.404,414,770,0.538,0.566,282,342,0.825,53,187,240,267,83,21,156,169,1779,29415277.5
19993,PF,22,14,381,44,118,0.373,13,31,0.419,31,87,0.356,0.428,6,9,0.667,23,51,74,50,10,4,23,31,107,7690658.5
